Site,TreeID,TagNumber,Obs,HHMMSS,FTime,EBal?,Photo,Cond,Ci,FCnt,DCnt,Fo,Fm,Fo',Fm',Fs,Fv/Fm,Fv'/Fm',PhiPS2,Adark,RedAbs,BlueAbs,%Blue,LeafAbs,PhiCO2,qP,qN,NPQ,ParIn@Fs,PS2/1,ETR,Trmmol,VpdL,CTleaf,Area,BLC_1,StmRat,BLCond,Tair,Tleaf,TBlk,CO2R,CO2S,H2OR,H2OS,RH_R,RH_S,Flow,PARi,PARo,Press,CsMch,HsMch,CsMchSD,HsMchSD,CrMchSD,HrMchSD,StableF,BLCslope,BLCoffst,f_parin,f_parout,alphaK,Status,fda,Trans,Tair_K,Twall_K,R(W/m2),Tl-Ta,SVTleaf,h2o_i,h20diff,CTair,SVTair,CndTotal,vp_kPa,VpdA,CndCO2,Ci_Pa,Ci/Ca,RHsfc,C2sfc,AHs/Cs,Fv,PARabs,Fv',qP_Fo,qN_Fo
1,1_1,13,1,10:53:24,3887.000017,0,3.273492894,0.034168689,236.5526471,0,0,0,0,0,0,0,#DIV/0!,#DIV/0!,#DIV/0!,-1,0.87,0.92,10.19386864,0.875096934,0.00325148,#DIV/0!,#DIV/0!,#DIV/0!,0,0.5,#DIV/0!,0.547949858,1.562419854,21.81463051,1.486,5.341401858,1,10.68280372,18.55042076,21.81463051,17.00386429,400.1567383,398.4273071,10.45540047,10.72387981,48.25719833,49.49637222,300.0310974,1501.916138,134.7219543,98.96014404,4.705765247,0.401571333,0.022079175,0.005701795,0.013884015,0.005217161,0.5,-1.355140209,7.355140209,1,0,0.159999996,111115,2.0190518,0.00054795,294.9646305,291.7004208,240.3065767,0.604093409,2.623656545,26.51225471,15.7883749,20.18252563,2.373268556,0.034059749,1.061236691,1.312031865,0.021297104,23.40928403,0.59371595,39.5124708,398.0136315,0.003249733,0,1314.322208,0,#DIV/0!,#DIV/0!
1,1_1,13,2,10:53:25,3888.000017,0,2.884525104,0.033591433,252.3367249,0,0,0,0,0,0,0,#DIV/0!,#DIV/0!,#DIV/0!,-1,0.87,0.92,10.19386864,0.875096934,0.002955184,#DIV/0!,#DIV/0!,#DIV/0!,0,0.5,#DIV/0!,0.538184074,1.560895985,21.80432129,1.486,5.341401858,1,10.68280372,18.54944229,21.80432129,17.00417709,399.9987793,398.4638977,10.45875168,10.7224493,48.27626038,49.49345779,300.0278625,1502.094238,134.7414398,98.96144867,4.705765247,0.401571333,0.022079175,0.005701795,0.013884015,0.005217161,0.5,-1.355140209,7.355140209,1,0,0.159999996,111115,2.019030031,0.000538184,294.9543213,291.6994423,240.3350728,0.605977555,2.622005101,26.49521744,15.77276814,20.17688179,2.372440389,0.033486138,1.061109116,1.311331273,0.020938271,24.97160785,0.633273745,39.5307174,398.0993765,0.002864294,0,1314.478063,0,#DIV/0!,#DIV/0!
1,1_1,13,3,10:53:26,3889.000017,0,2.591600731,0.033295674,265.0607624,0,0,0,0,0,0,0,#DIV/0!,#DIV/0!,#DIV/0!,-1,0.87,0.92,10.19386864,0.875096934,0.002732098,#DIV/0!,#DIV/0!,#DIV/0!,0,0.5,#DIV/0!,0.533527335,1.561108364,21.80501938,1.486,5.341401858,1,10.68280372,18.54912567,21.80501938,17.00461006,399.848053,398.4591064,10.45989418,10.72132301,48.28298569,49.48974228,300.0133972,1502.226929,134.7297821,98.96246338,4.705765247,0.401571333,0.022079175,0.005701795,0.013884015,0.005217161,0.75,-1.355140209,7.355140209,1,0,0.159999996,111115,2.018932687,0.000533527,294.9550194,291.6991257,240.3563032,0.606698032,2.6221169,26.49607549,15.77475247,20.17707253,2.372468373,0.033192222,1.061008536,1.311459837,0.020754408,26.231066,0.665214468,39.52340756,398.1316024,0.00257274,0,1314.59418,0,#DIV/0!,#DIV/0!
1,1_1,13,4,10:53:27,3890.000017,0,2.511428714,0.033477377,269.5184065,0,0,0,0,0,0,0,#DIV/0!,#DIV/0!,#DIV/0!,-1,0.87,0.92,10.19386864,0.875096934,0.002671578,#DIV/0!,#DIV/0!,#DIV/0!,0,0.5,#DIV/0!,0.536704282,1.561923382,21.81069946,1.486,5.341401858,1,10.68280372,18.54857445,21.81069946,17.00529289,399.8103638,398.4605103,10.45913315,10.72211647,48.28187943,49.49587631,300.015686,1501.965088,134.732666,98.96398163,4.705765247,0.401571333,0.022079175,0.005701795,0.013884015,0.005217161,0.75,-1.355140209,7.355140209,1,0,0.159999996,111115,2.018948089,0.000536704,294.9606995,291.6985744,240.3144087,0.605858329,2.62302672,26.50486244,15.78274597,20.17963696,2.372844645,0.033372795,1.061103337,1.311741308,0.020867368,26.67261463,0.676399291,39.5135523,398.1431377,0.002492457,0,1314.365044,0,#DIV/0!,#DIV/0!
1,1_1,13,5,10:53:28,3891.000017,0,2.477001602,0.033353705,270.6887895,0,0,0,0,0,0,0,#DIV/0!,#DIV/0!,#DIV/0!,-1,0.87,0.92,10.19386864,0.875096934,0.00264527,#DIV/0!,#DIV/0!,#DIV/0!,0,0.5,#DIV/0!,0.534430391,1.561081812,21.8041935,1.486,5.341401858,1,10.68280372,18.54772568,21.8041935,17.00574112,399.762207,398.4299316,10.45811939,10.71997547,48.28028107,49.48915482,300.0312805,1502.030396,134.6068878,98.96504211,4.705765247,0.401571333,0.022079175,0.005701795,0.013884015,0.005217161,0.5,-1.355140209,7.355140209,1,0,0.159999996,111115,2.019053032,0.00053443,294.9541935,291.6977257,240.3248579,0.606440343,2.621984636,26.4940486,15.77407313,20.17595959,2.372305091,0.033249893,1.060902824,1.311402267,0.020790485,26.78872745,0.67938869,39.52181702,398.1169097,0.002458966,0,1314.422194,0,#DIV/0!,#DIV/0!
1,1_2,14,6,11:04:04,4527.500015,0,6.027515153,0.076714836,264.7423973,0,0,0,0,0,0,0,#DIV/0!,#DIV/0!,#DIV/0!,-1,0.87,0.92,10.03429317,0.875017147,0.005352101,#DIV/0!,#DIV/0!,#DIV/0!,0,0.5,#DIV/0!,1.058307905,1.348804713,20.7175312,0.757,6.329299071,1,12.65859814,18.46873093,20.7175312,17.00780869,400.0917358,398.4646912,10.89308262,11.15709972,50.53620911,51.76106262,300.0565796,1500.58606,1439.564331,98.96199799,5.042844296,0.411096632,0.037311208,0.003305104,0.049425121,0.001784098,0.5,-1.355140209,7.355140209,1,0,0.159999996,111115,3.963759308,0.001058308,293.8675312,291.6187309,240.0937642,0.480208649,2.452933593,24.78662156,13.62952184,19.59313107,2.288137457,0.076252722,1.10412888,1.184008577,0.047699255,26.19943659,0.664406165,44.34357049,397.8218755,0.006718624,0,1313.038532,0,#DIV/0!,#DIV/0!
1,1_2,14,7,11:04:05,4528.500015,0,6.388024102,0.076646467,257.1447038,0,0,0,0,0,0,0,#DIV/0!,#DIV/0!,#DIV/0!,-1,0.87,0.92,10.03429317,0.875017147,0.005626246,#DIV/0!,#DIV/0!,#DIV/0!,0,0.5,#DIV/0!,1.055893392,1.346925487,20.70554352,0.757,6.329299071,1,12.65859814,18.46828461,20.70554352,17.00777245,400.1669922,398.4491882,10.89443111,11.15785408,50.54361343,51.76573563,300.0469971,1500.697144,1399.782959,98.96147919,5.042844296,0.411096632,0.037311208,0.003305104,0.049425121,0.001784098,0.5,-1.355140209,7.355140209,1,0,0.159999996,111115,3.963632722,0.001055893,293.8555435,291.6182846,240.1115376,0.480922,2.451123232,24.76845791,13.61060383,19.58691406,2.287253941,0.076185174,1.104197744,1.183056197,0.047656964,25.44742025,0.645363854,44.38025866,397.7679254,0.007127326,0,1313.135732,0,#DIV/0!,#DIV/0!
1,1_2,14,8,11:04:05,4529.000015,0,6.634523161,0.076560774,251.885832,0,0,0,0,0,0,0,#DIV/0!,#DIV/0!,#DIV/0!,-1,0.87,0.92,10.03429317,0.875017147,0.005813969,#DIV/0!,#DIV/0!,#DIV/0!,0,0.5,#DIV/0!,1.053947755,1.345948939,20.6991272,0.757,6.329299071,1,12.65859814,18.46824074,20.6991272,17.00741005,400.2339783,398.4542236,10.89498043,11.1579113,50.54640961,51.76625443,300.0546265,1500.695801,1398.905396,98.96169281,5.042844296,0.411096632,0.037311208,0.003305104,0.049425121,0.001784098,0.5,-1.355140209,7.355140209,1,0,0.159999996,111115,3.963733507,0.001053948,293.8491272,291.6182407,240.1113228,0.481363903,2.45015473,24.75861781,13.60070651,19.58368397,2.286795021,0.076100509,1.104205791,1.182589231,0.047603957,24.92704833,0.632157515,44.39851736,397.7466724,0.007405794,0,1313.134557,0,#DIV/0!,#DIV/0!
1,1_2,14,9,11:04:06,4530.000015,0,6.861114687,0.076827162,247.7083683,0,0,0,0,0,0,0,#DIV/0!,#DIV/0!,#DIV/0!,-1,0.87,0.92,10.03429317,0.875017147,0.005986936,#DIV/0!,#DIV/0!,#DIV/0!,0,0.5,#DIV/0!,1.054955076,1.342618798,20.67788696,0.757,6.329299071,1,12.65859814,18.46819687,20.67788696,17.00731468,400.3127136,398.475647,10.89595699,11.1591444,50.55127716,51.77232361,300.0482788,1500.593018,1405.843262,98.96208954,5.042844296,0.411096632,0.037311208,0.003305104,0.049425121,0.001784098,0.5,-1.355140209,7.355140209,1,0,0.159999996,111115,3.963649654,0.001054955,293.827887,291.6181969,240.0948774,0.481852365,2.446951046,24.72614571,13.56700131,19.57304192,2.285283609,0.076363698,1.104332247,1.180951361,0.047768735,24.51373772,0.621639918,44.46551482,397.7439305,0.007670337,0,1313.04462,0,#DIV/0!,#DIV/0!
1,1_2,14,10,11:04:07,4531.000015,0,6.969473847,0.076739152,245.3174176,0,0,0,0,0,0,0,#DIV/0!,#DIV/0!,#DIV/0!,-1,0.87,0.92,10.03429317,0.875017147,0.006069269,#DIV/0!,#DIV/0!,#DIV/0!,0,0.5,#DIV/0!,1.053289287,1.342052889,20.6747551,0.757,6.329299071,1,12.65859814,18.46788788,20.6747551,17.00748253,400.3545532,398.4902039,10.89711475,11.15990162,50.55849075,51.77772141,300.0308838,1500.640503,1402.162354,98.96378326,5.042844296,0.411096632,0.037311208,0.003305104,0.049425121,0.001784098,0.75,-1.355140209,7.355140209,1,0,0.159999996,111115,3.963419865,0.001053289,293.8247551,291.6178879,240.1024751,0.482170861,2.446478974,24.72095239,13.56105077,19.57132149,2.285039351,0.076276746,1.104426085,1.180613266,0.047714296,24.27753974,0.615617185,44.47795273,397.7469312,0.007793597,0,1313.086171,0,#DIV/0!,#DIV/0!
1,1_3,15,11,11:14:16,5139.000022,0,10.47405428,0.058224015,99.96903649,0,0,0,0,0,0,0,#DIV/0!,#DIV/0!,#DIV/0!,-1,0.87,0.92,9.926127434,0.874963064,0.008750052,#DIV/0!,#DIV/0!,#DIV/0!,0,0.5,#DIV/0!,0.643337727,1.077682233,21.03859138,1.495,5.329205596,1,10.65841119,18.43971443,21.03859138,17.00688553,398.8704224,393.5257263,14.07453728,14.39045906,65.4178009,66.88619232,300.0582275,1498.706299,282.1957703,98.9666214,4.675936222,0.422243118,0.105781481,0.002337234,0.144019693,0.001938404,0.5,-1.355140209,7.355140209,1,0,0.159999996,111115,2.007078445,0.000643338,294.1885914,291.5897144,239.7930025,0.614467678,2.501857346,25.2798096,10.88935054,19.73915291,2.308975236,0.057907681,1.424175114,0.884800122,0.036220589,9.893597786,0.25403431,56.29178485,392.1990771,0.015033264,0,1311.312655,0,#DIV/0!,#DIV/0!
1,1_3,15,12,11:14:17,5140.000022,0,10.53781794,0.058510444,99.6186337,0,0,0,0,0,0,0,#DIV/0!,#DIV/0!,#DIV/0!,-1,0.87,0.92,9.926127434,0.874963064,0.008797758,#DIV/0!,#DIV/0!,#DIV/0!,0,0.5,#DIV/0!,0.647417259,1.079223491,21.04742241,1.495,5.329205596,1,10.65841119,18.43900299,21.04742241,17.0074749,398.8985291,393.5213013,14.07075596,14.3886795,65.40279388,66.88054657,300.0602417,1498.863037,267.3552551,98.9661026,4.675936222,0.422243118,0.105781481,0.002337234,0.144019693,0.001938404,0.5,-1.355140209,7.355140209,1,0,0.159999996,111115,2.007091918,0.000647417,294.1974224,291.589003,239.8180806,0.613596242,2.503215023,25.29366073,10.90498123,19.7432127,2.309556949,0.058190998,1.423991532,0.885565417,0.03639794,9.858867924,0.253146738,56.253915,392.1865757,0.015115089,0,1311.449795,0,#DIV/0!,#DIV/0!
1,1_3,15,13,11:14:17,5140.500022,0,10.81323568,0.058941363,94.24981424,0,0,0,0,0,0,0,#DIV/0!,#DIV/0!,#DIV/0!,-1,0.87,0.92,9.926127434,0.874963064,0.00900771,#DIV/0!,#DIV/0!,#DIV/0!,0,0.5,#DIV/0!,0.653023516,1.080640508,21.05705261,1.495,5.329205596,1,10.65841119,18.43818665,21.05705261,17.00737,399.0313416,393.5154419,14.06869411,14.38939095,65.39627838,66.88699341,300.0410767,1498.872681,256.5940247,98.96567535,4.675936222,0.422243118,0.105781481,0.002337234,0.144019693,0.001938404,0.5,-1.355140209,7.355140209,1,0,0.159999996,111115,2.006963723,0.000653024,294.2070526,291.5881866,239.8196235,0.612386816,2.5046963,25.30873751,10.91934657,19.74761963,2.310188548,0.058617208,1.424055793,0.886132755,0.036664741,9.327496518,0.239507283,56.22378957,392.1458317,0.015503444,0,1311.458233,0,#DIV/0!,#DIV/0!
1,1_3,15,14,11:14:18,5141.000022,0,11.17535152,0.058998822,84.72317908,0,0,0,0,0,0,0,#DIV/0!,#DIV/0!,#DIV/0!,-1,0.87,0.92,9.926127434,0.874963064,0.009285093,#DIV/0!,#DIV/0!,#DIV/0!,0,0.5,#DIV/0!,0.654640552,1.082254587,21.06739807,1.495,5.329205596,1,10.65841119,18.43725204,21.06739807,17.00731659,399.1880493,393.4911194,14.06771183,14.38921928,65.39531708,66.88988495,300.0257263,1498.668335,267.6862488,98.96533203,4.675936222,0.422243118,0.105781481,0.002337234,0.144019693,0.001938404,0.5,-1.355140209,7.355140209,1,0,0.159999996,111115,2.006861046,0.000654641,294.2173981,291.587252,239.7869282,0.611621654,2.506288451,25.32491327,10.93569399,19.75232506,2.310863095,0.058674037,1.424033864,0.886829231,0.036700315,8.384657548,0.21531154,56.18613214,392.0756434,0.016014761,0,1311.279438,0,#DIV/0!,#DIV/0!
1,1_3,15,15,11:14:19,5142.000022,0,11.61102989,0.059509652,75.60527395,0,0,0,0,0,0,0,#DIV/0!,#DIV/0!,#DIV/0!,-1,0.87,0.92,9.926127434,0.874963064,0.009616301,#DIV/0!,#DIV/0!,#DIV/0!,0,0.5,#DIV/0!,0.660784319,1.083098753,21.07364845,1.495,5.329205596,1,10.65841119,18.43641663,21.07364845,17.00845528,399.3785706,393.4631348,14.06563091,14.39016724,65.3901825,66.89893341,300.0147705,1498.831421,262.2466431,98.96702576,4.675936222,0.422243118,0.105781481,0.002337234,0.144019693,0.001938404,0.5,-1.355140209,7.355140209,1,0,0.159999996,111115,2.006787763,0.000660784,294.2236485,291.5864166,239.813022,0.610539467,2.507250804,25.33420384,10.94403661,19.75503254,2.311251304,0.059179234,1.424152052,0.887099253,0.037016566,7.482429094,0.192153387,56.17064726,391.9924756,0.016638051,0,1311.422132,0,#DIV/0!,#DIV/0!
1,1_5,17,16,11:36:25,6468.000017,0,7.453127717,0.239461173,343.3413806,0,0,0,0,0,0,0,#DIV/0!,#DIV/0!,#DIV/0!,-1,0.87,0.92,9.996267319,0.874998134,0.006441151,#DIV/0!,#DIV/0!,#DIV/0!,0,0.5,#DIV/0!,1.180506577,0.489092544,16.96640015,1,6,1,12,18.60047531,16.96640015,17.00514793,399.6014404,396.9611511,14.27735329,14.66504192,65.69481659,67.47869873,300.0331421,1499.846436,2007.145142,98.96537781,4.879256248,0.439346671,0.03676451,0.008611852,0.018200969,0.01003834,0.75,-1.355140209,7.355140209,1,0,0.159999996,111115,3.000331421,0.001180507,290.1164001,291.7504753,239.9754243,0.614547013,1.940423959,19.60709898,4.94205706,17.78343773,2.043237399,0.234776191,1.451331415,0.591905984,0.147148965,33.97890944,0.864924388,74.85683392,396.1226743,0.014084464,0,1312.362832,0,#DIV/0!,#DIV/0!
1,1_5,17,17,11:36:26,6468.500017,0,7.496512546,0.240666992,343.2660441,0,0,0,0,0,0,0,#DIV/0!,#DIV/0!,#DIV/0!,-1,0.87,0.92,9.996267319,0.874998134,0.006473697,#DIV/0!,#DIV/0!,#DIV/0!,0,0.5,#DIV/0!,1.186679707,0.489231236,16.96787643,1,6,1,12,18.60019875,16.96787643,17.00480652,399.5856018,396.9300842,14.27585888,14.66556931,65.68865967,67.48186493,300.0372314,1499.965332,2006.996216,98.96474457,4.879256248,0.439346671,0.03676451,0.008611852,0.018200969,0.01003834,0.75,-1.355140209,7.355140209,1,0,0.159999996,111115,3.000372314,0.00118668,290.1178764,291.7501987,239.9944478,0.613733215,1.940605557,19.60905942,4.943490113,17.78403759,2.043314605,0.235935175,1.45137432,0.591940285,0.147877431,33.97123637,0.864802286,74.85450305,396.0867266,0.014167294,0,1312.466866,0,#DIV/0!,#DIV/0!
1,1_5,17,18,11:36:26,6469.500017,0,7.622826979,0.238827893,342.0137165,0,0,0,0,0,0,0,#DIV/0!,#DIV/0!,#DIV/0!,-1,0.87,0.92,9.996267319,0.874998134,0.006570307,#DIV/0!,#DIV/0!,#DIV/0!,0,0.5,#DIV/0!,1.18074737,0.49045686,16.97663498,1,6,1,12,18.60018158,16.97663498,17.004776,399.6216431,396.9246521,14.27632141,14.66410732,65.69071198,67.47505951,300.0193481,1499.881348,2007.166992,98.96452332,4.879256248,0.439346671,0.03676451,0.008611852,0.018200969,0.01003834,0.75,-1.355140209,7.355140209,1,0,0.159999996,111115,3.000193481,0.001180747,290.126635,291.7501816,239.9810103,0.614198023,1.941683251,19.61999296,4.955885635,17.78840828,2.043877224,0.234167417,1.451226391,0.592650833,0.146766335,33.84722442,0.861659045,74.80159265,396.0670841,0.014396541,0,1312.39338,0,#DIV/0!,#DIV/0!
1,1_5,17,19,11:36:27,6470.500017,0,8.119494297,0.239072844,338.660501,0,0,0,0,0,0,0,#DIV/0!,#DIV/0!,#DIV/0!,-1,0.87,0.92,9.996267319,0.874998134,0.006948192,#DIV/0!,#DIV/0!,#DIV/0!,0,0.5,#DIV/0!,1.181577887,0.490310084,16.97561646,1,6,1,12,18.60088539,16.97561646,17.00526047,399.7477417,396.8852234,14.27624989,14.66429329,65.68762207,67.4730835,300.0310974,1500.001831,2007.712769,98.96472931,4.879256248,0.439346671,0.03676451,0.008611852,0.018200969,0.01003834,0.5,-1.355140209,7.355140209,1,0,0.159999996,111115,3.000310974,0.001181578,290.1256165,291.7508854,240.0002876,0.614200926,1.941557899,19.61868549,4.954392206,17.78825092,2.043856966,0.234402896,1.451247816,0.59260915,0.146914338,33.51544481,0.853295817,74.80802582,395.9717803,0.015339561,0,1312.498803,0,#DIV/0!,#DIV/0!
1,1_5,17,20,11:36:28,6471.500017,0,8.608693652,0.240396271,335.5915364,0,0,0,0,0,0,0,#DIV/0!,#DIV/0!,#DIV/0!,-1,0.87,0.92,9.996267319,0.874998134,0.007321051,#DIV/0!,#DIV/0!,#DIV/0!,0,0.5,#DIV/0!,1.18641134,0.489660109,16.96977234,1,6,1,12,18.60154343,16.96977234,17.00535202,399.838623,396.8123169,14.2739563,14.66360378,65.67432404,67.46708679,300.0184326,1499.974121,2008.612183,98.96466827,4.879256248,0.439346671,0.03676451,0.008611852,0.018200969,0.01003834,0.5,-1.355140209,7.355140209,1,0,0.159999996,111115,3.000184326,0.001186411,290.1197723,291.7515434,239.995854,0.613755833,1.940838793,19.6114313,4.947827521,17.78565788,2.043523162,0.235674989,1.451178684,0.592344478,0.147713892,33.21170508,0.845718548,74.83492254,395.8438389,0.016274876,0,1312.474556,0,#DIV/0!,#DIV/0!
1,1_6,18,21,11:47:11,7114.000018,0,7.496861189,0.021516354,-163.2086971,0,0,0,0,0,0,0,#DIV/0!,#DIV/0!,#DIV/0!,-1,0.87,0.92,10.05972576,0.875029863,0.006464519,#DIV/0!,#DIV/0!,#DIV/0!,0,0.5,#DIV/0!,0.248794471,1.123818396,21.14181519,1.055,5.925467288,1,11.85093458,18.44582939,21.14181519,16.9931221,399.9797974,397.3087463,13.99826241,14.08451939,65.04075623,65.44153595,300.0119934,1502.101929,1017.614075,98.97028351,4.871593475,0.432213485,0.024835607,0.028950373,0.03485062,0.030424878,0.25,-1.355140209,7.355140209,1,0,0.159999996,111115,2.843715577,0.000248794,294.2918152,291.5958294,240.3363032,0.605737676,2.517767272,25.43962878,11.35510939,19.79382229,2.316819408,0.02147736,1.393948877,0.922870532,0.013426848,-16.15281102,-0.410785563,54.54713443,396.4547409,0.010314728,0,1314.384045,0,#DIV/0!,#DIV/0!
1,1_6,18,22,11:47:11,7114.500018,0,7.471956126,0.021682458,-157.1444161,0,0,0,0,0,0,0,#DIV/0!,#DIV/0!,#DIV/0!,-1,0.87,0.92,10.05972576,0.875029863,0.006445346,#DIV/0!,#DIV/0!,#DIV/0!,0,0.5,#DIV/0!,0.250628292,1.12345026,21.13937759,1.055,5.925467288,1,11.85093458,18.44521713,21.13937759,16.99363708,399.9795227,397.3171387,13.99750614,14.0843935,65.03991699,65.44364166,300.0307007,1502.154541,1103.021851,98.97055817,4.871593475,0.432213485,0.024835607,0.028950373,0.03485062,0.030424878,0.25,-1.355140209,7.355140209,1,0,0.159999996,111115,2.843892897,0.000250628,294.2893776,291.5952171,240.3447212,0.605580135,2.517390546,25.43575173,11.35135823,19.79229736,2.31660029,0.02164286,1.393940286,0.922660004,0.01353034,-15.55267057,-0.395513812,54.5559525,396.4659703,0.010281833,0,1314.430082,0,#DIV/0!,#DIV/0!
1,1_6,18,23,11:47:12,7115.000018,0,7.270522716,0.021628939,-143.6992143,0,0,0,0,0,0,0,#DIV/0!,#DIV/0!,#DIV/0!,-1,0.87,0.92,10.05972576,0.875029863,0.00629129,#DIV/0!,#DIV/0!,#DIV/0!,0,0.5,#DIV/0!,0.249833505,1.122661245,21.13412857,1.055,5.925467288,1,11.85093458,18.44441986,21.13412857,16.99438858,399.9168701,397.3252869,13.99751949,14.08413601,65.04338837,65.44587708,300.0145264,1502.347534,1167.22522,98.97080231,4.871593475,0.432213485,0.024835607,0.028950373,0.03485062,0.030424878,0.25,-1.355140209,7.355140209,1,0,0.159999996,111115,2.843739586,0.000249834,294.2841286,291.5944199,240.3756001,0.605929417,2.516579486,25.42749404,11.34335803,19.78927422,2.316165944,0.021589536,1.393918241,0.922247703,0.013496995,-14.22202653,-0.361666421,54.5732253,396.4970648,0.010007032,0,1314.598957,0,#DIV/0!,#DIV/0!
1,1_6,18,24,11:47:13,7115.500018,0,6.977098307,0.022572015,-100.7873716,0,0,0,0,0,0,0,#DIV/0!,#DIV/0!,#DIV/0!,-1,0.87,0.92,10.09175777,0.875045879,0.006067656,#DIV/0!,#DIV/0!,#DIV/0!,0,0.5,#DIV/0!,0.260555803,1.122014752,21.13089943,1.055,5.925467288,1,11.85093458,18.44367218,21.13089943,16.99538803,399.8181458,397.3283997,13.99531269,14.08564091,65.03611755,65.45587158,300.032959,1502.426392,1150.740234,98.97071075,4.871593475,0.432213485,0.024835607,0.028950373,0.03485062,0.030424878,0.25,-1.355140209,7.355140209,1,0,0.159999996,111115,2.843914303,0.000260556,294.2808994,291.5936722,240.3882173,0.604620412,2.516080644,25.42247726,11.33683635,19.7872858,2.315880301,0.022529104,1.394065892,0.921814409,0.014084539,-9.974997807,-0.253662642,54.59407155,396.533603,0.00960595,0,1314.692022,0,#DIV/0!,#DIV/0!
1,1_6,18,25,11:47:13,7116.000018,0,6.658788326,0.022760745,-74.49825701,0,0,0,0,0,0,0,#DIV/0!,#DIV/0!,#DIV/0!,-1,0.87,0.92,10.09175777,0.875045879,0.005826343,#DIV/0!,#DIV/0!,#DIV/0!,0,0.5,#DIV/0!,0.26249303,1.120996238,21.12465286,1.055,5.925467288,1,11.85093458,18.44288254,21.12465286,16.99609184,399.7224731,397.3443604,13.99531841,14.08631897,65.03874207,65.4616394,300.0302734,1502.21875,1097.593994,98.96976471,4.871593475,0.432213485,0.024835607,0.028950373,0.03485062,0.030424878,0.25,-1.355140209,7.355140209,1,0,0.159999996,111115,2.843888848,0.000262493,294.2746529,291.5928825,240.3549946,0.604444673,2.515115912,25.41297253,11.32665356,19.7837677,2.315374987,0.022717114,1.394119674,0.921255313,0.01420211,-7.373074967,-0.18749041,54.61881394,396.585824,0.009170654,0,1314.510326,0,#DIV/0!,#DIV/0!
1,1_9,21,26,12:21:25,9168.500017,0,5.642054612,0.008852434,-621.1408736,0,0,0,0,0,0,0,#DIV/0!,#DIV/0!,#DIV/0!,-1,0.87,0.92,10.06580734,0.875032904,0.005068403,#DIV/0!,#DIV/0!,#DIV/0!,0,0.5,#DIV/0!,0.118014546,1.293239407,22.21791458,1.445,5.396962607,1,10.79392521,19.27939987,22.21791458,17.25077057,399.6765137,396.9344177,14.04648209,14.10256386,61.95343781,62.20079041,299.7874146,1497.638184,1964.033569,98.97053528,5.309142113,0.412568659,0.097210869,0.002905203,0.067105845,0.004530468,0.75,-1.355140209,7.355140209,1,0,0.159999996,111115,2.074653388,0.000118015,295.3679146,292.4293999,239.622104,0.669628776,2.688977701,27.16947719,13.06691333,20.74865723,2.457639666,0.00884518,1.395738294,1.061901372,0.005528889,-61.47464474,-1.564845087,50.9327668,396.228764,0.007252514,0,1310.482688,0,#DIV/0!,#DIV/0!
1,1_9,21,27,12:21:26,9169.500017,0,5.708760854,0.009328389,-581.0001432,0,0,0,0,0,0,0,#DIV/0!,#DIV/0!,#DIV/0!,-1,0.87,0.92,10.06580734,0.875032904,0.005119027,#DIV/0!,#DIV/0!,#DIV/0!,0,0.5,#DIV/0!,0.124597584,1.295756814,22.23504829,1.445,5.396962607,1,10.79392521,19.27406883,22.23504829,17.24524498,399.6932068,396.9194031,14.0462389,14.10541248,61.97324753,62.23432922,299.9715576,1497.719482,1964.366211,98.97103882,5.309142113,0.412568659,0.097210869,0.002905203,0.067105845,0.004530468,0.5,-1.355140209,7.355140209,1,0,0.159999996,111115,2.075927734,0.000124598,295.3850483,292.4240688,239.6351118,0.667886393,2.69178414,27.19769513,13.09228264,20.75455856,2.458532805,0.009320334,1.396027326,1.062505478,0.005825932,-57.50218772,-1.463773599,50.88989459,396.2054064,0.007332516,0,1310.553828,0,#DIV/0!,#DIV/0!
1,1_9,21,28,12:21:27,9170.500017,0,5.632129076,0.009417378,-558.9194897,0,0,0,0,0,0,0,#DIV/0!,#DIV/0!,#DIV/0!,-1,0.87,0.92,10.06580734,0.875032904,0.005060314,#DIV/0!,#DIV/0!,#DIV/0!,0,0.5,#DIV/0!,0.125653516,1.294410588,22.22792816,1.445,5.396962607,1,10.79392521,19.26907921,22.22792816,17.23952103,399.6932373,396.9564819,14.04752541,14.10719299,61.99834061,62.2616806,300.008606,1497.790771,1964.078369,98.97128296,5.309142113,0.412568659,0.097210869,0.002905203,0.067105845,0.004530468,0.5,-1.355140209,7.355140209,1,0,0.159999996,111115,2.076184124,0.000125654,295.3779282,292.4190792,239.6465181,0.667855559,2.690617577,27.18584115,13.07864816,20.74850368,2.457616432,0.009409169,1.396206989,1.061409442,0.005881468,-55.31697897,-1.408011999,50.92030382,396.2520696,0.007237558,0,1310.616208,0,#DIV/0!,#DIV/0!
1,1_9,21,29,12:21:28,9171.500017,0,5.517319494,0.009174859,-564.1037358,0,0,0,0,0,0,0,#DIV/0!,#DIV/0!,#DIV/0!,-1,0.87,0.92,10.06580734,0.875032904,0.004972739,#DIV/0!,#DIV/0!,#DIV/0!,0,0.5,#DIV/0!,0.122230862,1.29242719,22.21652794,1.445,5.396962607,1,10.79392521,19.26408386,22.21652794,17.23379135,399.65802,396.9772034,14.05023193,14.10827446,62.02999878,62.28625107,300.0071716,1497.783203,1963.260376,98.97195435,5.309142113,0.412568659,0.097210869,0.002905203,0.067105845,0.004530468,0.5,-1.355140209,7.355140209,1,0,0.159999996,111115,2.076174198,0.000122231,295.3665279,292.4140839,239.6453071,0.668595001,2.688750686,27.1667939,13.05851944,20.7403059,2.456376219,0.009167067,1.396323496,1.060052723,0.005730116,-55.83044919,-1.420997808,50.96083103,396.2871503,0.007095037,0,1310.609585,0,#DIV/0!,#DIV/0!
1,1_9,21,30,12:21:29,9172.500017,0,5.354914466,0.008781903,-577.3650771,0,0,0,0,0,0,0,#DIV/0!,#DIV/0!,#DIV/0!,-1,0.87,0.92,10.06580734,0.875032904,0.004848444,#DIV/0!,#DIV/0!,#DIV/0!,0,0.5,#DIV/0!,0.11686102,1.290911517,22.20750618,1.445,5.396962607,1,10.79392521,19.25874329,22.20750618,17.22810364,399.6220093,397.0205383,14.05307007,14.10856056,62.06364059,62.30871201,300.0184937,1497.900513,1962.372803,98.97271729,5.309142113,0.412568659,0.097210869,0.002905203,0.067105845,0.004530468,0.5,-1.355140209,7.355140209,1,0,0.159999996,111115,2.076252551,0.000116861,295.3575062,292.4087433,239.6640767,0.669584504,2.687274093,27.15166529,13.04310473,20.73312473,2.455290256,0.008774764,1.396362576,1.05892768,0.005484868,-57.14339054,-1.45424486,50.99001532,396.3507973,0.006889028,0,1310.712235,0,#DIV/0!,#DIV/0!
1,1_10,22,31,12:32:55,9858.500017,0,1.60509883,0.009201809,114.6877439,0,0,0,0,0,0,0,#DIV/0!,#DIV/0!,#DIV/0!,-1,0.87,0.92,9.964836121,0.874982418,0.001987688,#DIV/0!,#DIV/0!,#DIV/0!,0,0.5,#DIV/0!,0.121156318,1.277190091,22.17696762,0.794,6.279158883,1,12.55831777,18.92352676,22.17696762,17.02639008,399.8113098,399.3737183,14.16479874,14.19640732,63.88006973,64.02262115,300.0212097,1497.878418,2155.400391,98.97511292,4.953006744,0.466730207,0.017239457,0.007883435,0.036765017,0.008815875,0.75,-1.355140209,7.355140209,1,0,0.159999996,111115,3.778604656,0.000121156,295.3269676,292.0735268,239.6605415,0.568609442,2.682281108,27.10056123,12.90415391,20.55024719,2.427776186,0.009195072,1.405091017,1.022685168,0.005747525,11.3512324,0.287168981,51.4158569,399.2011726,0.002067317,0,1310.61728,0,#DIV/0!,#DIV/0!
1,1_10,22,32,12:32:56,9859.500017,0,1.536202492,0.009740995,141.209459,0,0,0,0,0,0,0,#DIV/0!,#DIV/0!,#DIV/0!,-1,0.87,0.92,9.964836121,0.874982418,0.001935213,#DIV/0!,#DIV/0!,#DIV/0!,0,0.5,#DIV/0!,0.128287242,1.277551993,22.18073845,0.794,6.279158883,1,12.55831777,18.92554855,22.18073845,17.02835274,399.824585,399.40448,14.16553783,14.19900608,63.87520218,64.02612305,300.026947,1497.807129,2155.259766,98.97489929,4.953006744,0.466730207,0.017239457,0.007883435,0.036765017,0.008815875,0.75,-1.355140209,7.355140209,1,0,0.159999996,111115,3.778676915,0.000128287,295.3307384,292.0755486,239.6491353,0.567619032,2.68289719,27.10684436,12.90783827,20.5531435,2.428209824,0.009733445,1.405345197,1.022864627,0.006084081,13.97619198,0.353550013,51.41511398,399.2393406,0.001978363,0,1310.554903,0,#DIV/0!,#DIV/0!
1,1_10,22,33,12:32:57,9861.000017,0,1.36394472,0.009423088,161.804602,0,0,0,0,0,0,0,#DIV/0!,#DIV/0!,#DIV/0!,-1,0.87,0.92,9.964836121,0.874982418,0.00180371,#DIV/0!,#DIV/0!,#DIV/0!,0,0.5,#DIV/0!,0.124107151,1.277581662,22.18204689,0.794,6.279158883,1,12.55831777,18.92798805,22.18204689,17.0304203,399.8370056,399.4629211,14.16853428,14.20091248,63.87877274,64.02475739,300.0219727,1497.860596,2154.894287,98.97457886,4.953006744,0.466730207,0.017239457,0.007883435,0.036765017,0.008815875,1,-1.355140209,7.355140209,1,0,0.159999996,111115,3.778614265,0.000124107,295.3320469,292.0779881,239.65769,0.568203898,2.683110994,27.1090923,12.90817983,20.55501747,2.428490433,0.009416023,1.405529332,1.022961101,0.005885649,16.01454234,0.405055372,51.41652531,399.3162992,0.001756234,0,1310.601686,0,#DIV/0!,#DIV/0!
1,1_10,22,34,12:32:58,9862.000017,0,1.59600529,0.008816706,104.3175541,0,0,0,0,0,0,0,#DIV/0!,#DIV/0!,#DIV/0!,-1,0.87,0.92,9.964836121,0.874982418,0.001980717,#DIV/0!,#DIV/0!,#DIV/0!,0,0.5,#DIV/0!,0.116158893,1.277948097,22.18377495,0.794,6.279158883,1,12.55831777,18.92956352,22.18377495,17.03191566,399.8719788,399.4373169,14.16965008,14.19995499,63.8780098,64.01462555,300.019043,1497.903076,2154.345947,98.97533417,4.953006744,0.466730207,0.017239457,0.007883435,0.036765017,0.008815875,0.75,-1.355140209,7.355140209,1,0,0.159999996,111115,3.778577367,0.000116159,295.3337749,292.0795635,239.6644868,0.569219105,2.683393387,27.11173859,12.9117836,20.55666924,2.428737792,0.00881052,1.40544529,1.023292502,0.005507131,10.32486477,0.261161263,51.40531836,399.2657488,0.002054851,0,1310.638856,0,#DIV/0!,#DIV/0!
1,1_10,22,35,12:32:59,9863.000017,0,1.836628637,0.008683715,56.01014452,0,0,0,0,0,0,0,#DIV/0!,#DIV/0!,#DIV/0!,-1,0.87,0.92,9.964836121,0.874982418,0.002164317,#DIV/0!,#DIV/0!,#DIV/0!,0,0.5,#DIV/0!,0.114378665,1.277626164,22.18211555,0.794,6.279158883,1,12.55831777,18.93090248,22.18211555,17.03296471,399.9146729,399.4165344,14.17058563,14.20042515,63.87707901,64.01158905,300.0284119,1497.898071,2154.147461,98.97563171,4.953006744,0.466730207,0.017239457,0.007883435,0.036765017,0.008815875,1,-1.355140209,7.355140209,1,0,0.159999996,111115,3.778695364,0.000114379,295.3321156,292.0809025,239.663686,0.569535476,2.683122214,27.10891729,12.90849214,20.55650902,2.428713797,0.008677715,1.40549605,1.023217748,0.00542411,5.543639436,0.14022991,51.41219412,399.2190996,0.002365245,0,1310.634476,0,#DIV/0!,#DIV/0!
1,1_11,23,36,12:47:30,10732.50001,0,2.359363187,0.002086591,-1401.284167,0,0,0,0,0,0,0,#DIV/0!,#DIV/0!,#DIV/0!,-1,0.87,0.92,10.00297546,0.875001488,0.002556623,#DIV/0!,#DIV/0!,#DIV/0!,0,0.5,#DIV/0!,0.023531136,1.093622853,21.39597702,1.325,5.559579432,1,11.11915886,18.77532005,21.39597702,16.99974823,400.1714478,399.1253052,14.77938175,14.7896204,67.26676941,67.31336975,300.01651,1501.693848,2216.210205,98.96783447,4.741940975,0.415902942,0.03388546,0.014933168,0.027394915,0.011203822,0.5,-1.355140209,7.355140209,1,0,0.159999996,111115,2.264275547,2.35311E-05,294.545977,291.9253201,240.2710103,0.678246434,2.557319556,25.83990617,11.05028577,20.08564854,2.359088086,0.0020862,1.463696704,0.895391382,0.00130391,-138.6820595,-3.510887806,56.35700739,398.83885,0.003333844,0,1313.984351,0,#DIV/0!,#DIV/0!
1,1_11,23,37,12:47:30,10733.50001,0,2.402352686,0.002444135,-1166.914745,0,0,0,0,0,0,0,#DIV/0!,#DIV/0!,#DIV/0!,-1,0.87,0.92,10.00297546,0.875001488,0.002589081,#DIV/0!,#DIV/0!,#DIV/0!,0,0.5,#DIV/0!,0.027556241,1.093377596,21.39569855,1.325,5.559579432,1,11.11915886,18.7749176,21.39569855,17.00016403,400.1685181,399.1026306,14.77967739,14.79166794,67.26976013,67.32434082,300.002533,1501.844482,2215.9646,98.96776581,4.741940975,0.415902942,0.03388546,0.014933168,0.027394915,0.011203822,0.5,-1.355140209,7.355140209,1,0,0.159999996,111115,2.26417006,2.75562E-05,294.5456985,291.9249176,240.2951118,0.677748807,2.557275925,25.83948323,11.04781529,20.08530807,2.359038382,0.002443598,1.463898328,0.895140053,0.001527297,-115.4869452,-2.923846288,56.36741692,398.810956,0.003395454,0,1314.116156,0,#DIV/0!,#DIV/0!
1,1_11,23,38,12:47:31,10734.50001,0,2.307322859,0.003110425,-784.5716646,0,0,0,0,0,0,0,#DIV/0!,#DIV/0!,#DIV/0!,-1,0.87,0.92,10.00297546,0.875001488,0.002516932,#DIV/0!,#DIV/0!,#DIV/0!,0,0.5,#DIV/0!,0.035108144,1.094670231,21.40608406,1.325,5.559579432,1,11.11915886,18.77448654,21.40608406,17.0005722,400.1411743,399.1159668,14.77983761,14.79511356,67.27202606,67.34155273,300.0142822,1501.745239,2215.742188,98.96736145,4.741940975,0.415902942,0.03388546,0.014933168,0.027394915,0.011203822,0.75,-1.355140209,7.355140209,1,0,0.159999996,111115,2.264258734,3.51081E-05,294.5560841,291.9244865,240.2792329,0.676240487,2.558903583,25.85603521,11.06092165,20.0902853,2.359765101,0.003109556,1.464233352,0.895531749,0.00194355,-77.64698751,-1.965773684,56.34578894,398.83583,0.003259685,0,1314.029319,0,#DIV/0!,#DIV/0!
1,1_11,23,39,12:47:32,10735.50001,0,2.2656499,0.00331578,-691.7573276,0,0,0,0,0,0,0,#DIV/0!,#DIV/0!,#DIV/0!,-1,0.87,0.92,10.00297546,0.875001488,0.00248526,#DIV/0!,#DIV/0!,#DIV/0!,0,0.5,#DIV/0!,0.037523489,1.097519752,21.42494011,1.325,5.559579432,1,11.11915886,18.77353096,21.42494011,17.00067711,400.1482544,399.1410828,14.77993011,14.79625607,67.27622986,67.35054016,300.0313721,1501.720093,2215.650635,98.96701813,4.741940975,0.415902942,0.03388546,0.014933168,0.027394915,0.011203822,0.5,-1.355140209,7.355140209,1,0,0.159999996,111115,2.264387714,3.75235E-05,294.5749401,291.923531,240.2752095,0.675178858,2.561861094,25.88600872,11.08975265,20.09923553,2.361072408,0.003314792,1.464341342,0.896731066,0.002071834,-68.46115998,-1.733114824,56.28279346,398.8660055,0.003196991,0,1314.007315,0,#DIV/0!,#DIV/0!
1,1_11,23,40,12:47:33,10736.50001,0,2.191565809,0.003704311,-546.3594534,0,0,0,0,0,0,0,#DIV/0!,#DIV/0!,#DIV/0!,-1,0.87,0.92,10.00297546,0.875001488,0.002428849,#DIV/0!,#DIV/0!,#DIV/0!,0,0.5,#DIV/0!,0.041941797,1.098110742,21.43003845,1.325,5.559579432,1,11.11915886,18.77301788,21.43003845,17.00106049,400.1533813,399.1781311,14.78015995,14.79840851,67.27926636,67.36233521,300.0263977,1501.739014,2214.82666,98.96675873,4.741940975,0.415902942,0.03388546,0.014933168,0.027394915,0.011203822,0.75,-1.355140209,7.355140209,1,0,0.159999996,111115,2.264350171,4.19418E-05,294.5800385,291.9230179,240.2782368,0.674361895,2.562661267,25.89416183,11.09575333,20.10152817,2.361407381,0.003703078,1.464550524,0.896856857,0.002314534,-54.07142421,-1.368710886,56.27420786,398.9120486,0.003091625,0,1314.023871,0,#DIV/0!,#DIV/0!
1,1_8,20,41,13:00:05,11487.50002,0,1.69777731,0.025927948,286.995264,0,0,0,0,0,0,0,#DIV/0!,#DIV/0!,#DIV/0!,-1,0.87,0.92,10.06580734,0.875032904,0.002056815,#DIV/0!,#DIV/0!,#DIV/0!,0,0.5,#DIV/0!,0.322127394,1.207718868,21.63708115,1.74,4.997196245,1,9.99439249,18.66465759,21.63708115,16.99946976,399.8876648,398.8285828,13.83943748,14.02362633,63.41402054,64.25799561,300.0406494,1498.94751,2230.49707,98.9489212,4.867560387,0.419779539,0.053389929,0.004871228,0.082144909,0.004300371,0.5,-1.355140209,7.355140209,1,0,0.159999996,111115,1.724371548,0.000322127,294.7870811,291.8146576,239.8315962,0.689279204,2.595341565,26.2291042,12.20547787,20.15086937,2.36862665,0.025860859,1.387622696,0.981003953,0.016169051,28.39787177,0.719595527,52.63298166,398.5992542,0.002241828,0,1311.628392,0,#DIV/0!,#DIV/0!
1,1_8,20,42,13:00:06,11488.50002,0,1.59928918,0.026116225,293.7430833,0,0,0,0,0,0,0,#DIV/0!,#DIV/0!,#DIV/0!,-1,0.87,0.92,10.06580734,0.875032904,0.001981752,#DIV/0!,#DIV/0!,#DIV/0!,0,0.5,#DIV/0!,0.324433636,1.207631039,21.63611031,1.74,4.997196245,1,9.99439249,18.66365242,21.63611031,17.00063515,399.8429871,398.8405151,13.83733463,14.02283669,63.40891647,64.25897217,300.0497437,1498.928345,2230.938721,98.94976807,4.867560387,0.419779539,0.053389929,0.004871228,0.082144909,0.004300371,0.5,-1.355140209,7.355140209,1,0,0.159999996,111115,1.724423814,0.000324434,294.7861103,291.8136524,239.8285298,0.688905718,2.595187477,26.22732248,12.2044858,20.14988136,2.368481902,0.026048159,1.387556438,0.980925464,0.016286201,29.06580997,0.736492588,52.63456628,398.62449,0.002111709,0,1311.611622,0,#DIV/0!,#DIV/0!
1,1_8,20,43,13:00:06,11489.50002,0,1.579735361,0.026026903,294.5792936,0,0,0,0,0,0,0,#DIV/0!,#DIV/0!,#DIV/0!,-1,0.87,0.92,10.06580734,0.875032904,0.00196693,#DIV/0!,#DIV/0!,#DIV/0!,0,0.5,#DIV/0!,0.323172042,1.207079164,21.63074112,1.74,4.997196245,1,9.99439249,18.66212845,21.63074112,17.00135422,399.8038635,398.8129883,13.83479404,14.01958275,63.40431595,64.25119019,300.0377502,1498.862793,2230.791992,98.95132446,4.867560387,0.419779539,0.053389929,0.004871228,0.082144909,0.004300371,0.5,-1.355140209,7.355140209,1,0,0.159999996,111115,1.724354886,0.000323172,294.7807411,291.8121284,239.8180415,0.689221329,2.594335445,26.21829934,12.19871659,20.14643478,2.367977022,0.025959302,1.387256281,0.98072074,0.016230624,29.14901126,0.73864017,52.64053769,398.5996044,0.002086257,0,1311.554262,0,#DIV/0!,#DIV/0!
1,1_8,20,44,13:00:07,11490.50002,0,1.482694895,0.02642505,301.8518324,0,0,0,0,0,0,0,#DIV/0!,#DIV/0!,#DIV/0!,-1,0.87,0.92,10.06580734,0.875032904,0.001892952,#DIV/0!,#DIV/0!,#DIV/0!,0,0.5,#DIV/0!,0.328101399,1.207086616,21.63009071,1.74,4.997196245,1,9.99439249,18.66087341,21.63009071,17.00192451,399.741394,398.805603,13.8307209,14.01833916,63.39119339,64.25111389,300.0205994,1498.853882,2230.331299,98.95220947,4.867560387,0.419779539,0.053389929,0.004871228,0.082144909,0.004300371,1,-1.355140209,7.355140209,1,0,0.159999996,111115,1.724256318,0.000328101,294.7800907,291.8108734,239.8166157,0.688418968,2.594232249,26.21702196,12.19868281,20.14548206,2.367837477,0.026355367,1.387145633,0.980691844,0.016478351,29.86890575,0.756889648,52.64030405,398.6053269,0.001958065,0,1311.546464,0,#DIV/0!,#DIV/0!
1,1_8,20,45,13:00:08,11491.00002,0,1.422420932,0.026531379,305.8277705,0,0,0,0,0,0,0,#DIV/0!,#DIV/0!,#DIV/0!,-1,0.87,0.92,10.06580734,0.875032904,0.001846913,#DIV/0!,#DIV/0!,#DIV/0!,0,0.5,#DIV/0!,0.329512627,1.207436207,21.63218117,1.74,4.997196245,1,9.99439249,18.6602211,21.63218117,17.00219154,399.7214966,398.820343,13.82967567,14.01809883,63.38925552,64.2529068,300.0239868,1498.920776,2230.216309,98.95262909,4.867560387,0.419779539,0.053389929,0.004871228,0.082144909,0.004300371,1,-1.355140209,7.355140209,1,0,0.159999996,111115,1.724275786,0.000329513,294.7821812,291.8102211,239.8273189,0.688127457,2.594563941,26.22026282,12.20216398,20.14620113,2.367942798,0.026461135,1.387127734,0.980815064,0.016544506,30.26246193,0.76683092,52.63307432,398.6282085,0.001878101,0,1311.604999,0,#DIV/0!,#DIV/0!
1,1_7,19,46,13:12:25,12229.00001,0,3.46901268,0.024953829,174.0477096,0,0,0,0,0,0,0,#DIV/0!,#DIV/0!,#DIV/0!,-1,0.87,0.92,10.00297546,0.875001488,0.003402342,#DIV/0!,#DIV/0!,#DIV/0!,0,0.5,#DIV/0!,0.143034077,0.558542898,17.09139252,0.523,6.64640188,1,13.29280376,19.16144562,17.09139252,17.11790657,400.0804443,399.4669495,14.09857464,14.12310886,62.62109375,62.73006439,300.6017761,1501.15271,2024.339111,98.93779755,5.0023489,0.427483648,0.063741535,0.017323181,0.101916924,0.018638557,0.5,-1.355140209,7.355140209,1,0,0.159999996,111115,5.747643903,0.000143034,290.2413925,292.3114456,240.1844282,0.693822366,1.955852183,19.76850336,5.645394497,18.12641907,2.087801593,0.024907072,1.397309285,0.690492308,0.015571114,17.21989706,0.435699899,71.0046382,399.114641,0.00617156,0,1313.510855,0,#DIV/0!,#DIV/0!
1,1_7,19,47,13:12:26,12229.50001,0,3.494804506,0.025436985,176.641421,0,0,0,0,0,0,0,#DIV/0!,#DIV/0!,#DIV/0!,-1,0.87,0.92,10.00297546,0.875001488,0.003421652,#DIV/0!,#DIV/0!,#DIV/0!,0,0.5,#DIV/0!,0.145695927,0.558154413,17.08926582,0.523,6.64640188,1,13.29280376,19.16117859,17.08926582,17.11763763,400.0889587,399.4708557,14.09931087,14.12429905,62.62573242,62.73672485,300.6330566,1501.295288,2024.051392,98.93831635,5.0023489,0.427483648,0.063741535,0.017323181,0.101916924,0.018638557,0.5,-1.355140209,7.355140209,1,0,0.159999996,111115,5.748242001,0.000145696,290.2392658,292.3111786,240.2072407,0.693619355,1.955588781,19.76573741,5.641438362,18.12522221,2.087644612,0.025388402,1.397434368,0.690210245,0.015872109,17.47660479,0.442188506,71.02197719,399.1159279,0.006218943,0,1313.635611,0,#DIV/0!,#DIV/0!
1,1_7,19,48,13:12:27,12230.50001,0,2.927419631,0.028785324,233.5524215,0,0,0,0,0,0,0,#DIV/0!,#DIV/0!,#DIV/0!,-1,0.87,0.92,10.00297546,0.875001488,0.002989759,#DIV/0!,#DIV/0!,#DIV/0!,0,0.5,#DIV/0!,0.164726266,0.557795019,17.08896065,0.523,6.64640188,1,13.29280376,19.16156769,17.08896065,17.11751747,399.9954224,399.474884,14.09925079,14.1274929,62.62420273,62.74964523,300.7378845,1501.282104,2023.488037,98.93871307,5.0023489,0.427483648,0.063741535,0.017323181,0.101916924,0.018638557,0.5,-1.355140209,7.355140209,1,0,0.159999996,111115,5.750246358,0.000164726,290.2389606,292.3115677,240.2051313,0.691358527,1.955550986,19.76527615,5.637783244,18.12526417,2.087650116,0.028723125,1.397755967,0.689894149,0.017957531,23.10737602,0.584648575,71.04731513,399.1775791,0.005210345,0,1313.624075,0,#DIV/0!,#DIV/0!
1,1_7,19,49,13:12:27,12231.00001,0,2.645867641,0.029145883,250.9785021,0,0,0,0,0,0,0,#DIV/0!,#DIV/0!,#DIV/0!,-1,0.87,0.92,10.00297546,0.875001488,0.00277547,#DIV/0!,#DIV/0!,#DIV/0!,0,0.5,#DIV/0!,0.166655384,0.557362024,17.08567047,0.523,6.64640188,1,13.29280376,19.16180801,17.08567047,17.11756516,399.9521179,399.4804688,14.09919071,14.12775993,62.62295914,62.74985123,300.776062,1501.258789,2023.134521,98.93865204,5.0023489,0.427483648,0.063741535,0.017323181,0.101916924,0.018638557,0.5,-1.355140209,7.355140209,1,0,0.159999996,111115,5.750976329,0.000166655,290.2356705,292.311808,240.2014009,0.691219431,1.955143548,19.76117026,5.633410322,18.12373924,2.087450121,0.029082117,1.397781524,0.689668596,0.018182041,24.83147469,0.62826226,71.06460081,399.2117578,0.00470997,0,1313.603674,0,#DIV/0!,#DIV/0!
1,1_7,19,50,13:12:28,12232.00001,0,2.085354332,0.029275789,282.1731323,0,0,0,0,0,0,0,#DIV/0!,#DIV/0!,#DIV/0!,-1,0.87,0.92,10.00297546,0.875001488,0.002348753,#DIV/0!,#DIV/0!,#DIV/0!,0,0.5,#DIV/0!,0.167391826,0.55734907,17.08514977,0.523,6.64640188,1,13.29280376,19.16236687,17.08514977,17.11776161,399.8563538,399.4821472,14.09848499,14.12717819,62.61790466,62.74534988,300.8000183,1501.270386,2022.800537,98.93907928,5.0023489,0.427483648,0.063741535,0.017323181,0.101916924,0.018638557,0.5,-1.355140209,7.355140209,1,0,0.159999996,111115,5.751434385,0.000167392,290.2351498,292.3123669,240.2032563,0.691167699,1.955079073,19.76043326,5.63325507,18.12375832,2.087452622,0.029211454,1.397730003,0.689722619,0.018262928,27.91794991,0.70634729,71.06462066,399.2703613,0.003711643,0,1313.613821,0,#DIV/0!,#DIV/0!
1,1_12,24,51,13:24:19,12942.50002,0,14.63474031,0.323771437,319.6607634,0,0,0,0,0,0,0,#DIV/0!,#DIV/0!,#DIV/0!,-1,0.87,0.92,10.02789593,0.875013948,0.011921051,#DIV/0!,#DIV/0!,#DIV/0!,0,0.5,#DIV/0!,1.852828735,0.570779546,16.9067688,0.668,6.449906549,1,12.8998131,18.8282547,16.9067688,17.01742935,400.3094788,396.8872986,13.36145782,13.76831341,60.59910202,62.44433975,300.0201416,1498.860229,2208.033936,98.94615173,5.083316803,0.41627425,0.021876048,0.011370046,0.026855327,0.01072455,0.25,-1.355140209,7.355140209,1,0,0.159999996,111115,4.491319485,0.001852829,290.0567688,291.9782547,239.8176314,0.498308556,1.933101173,19.53690103,5.768587619,17.86751175,2.054083361,0.31584409,1.362321628,0.691761733,0.198099794,31.6292024,0.805419485,70.70853667,395.3557338,0.026173923,0,1311.523607,0,#DIV/0!,#DIV/0!
1,1_12,24,52,13:24:20,12943.00002,0,14.87219999,0.323270764,318.3398676,0,0,0,0,0,0,0,#DIV/0!,#DIV/0!,#DIV/0!,-1,0.87,0.92,10.02789593,0.875013948,0.012101835,#DIV/0!,#DIV/0!,#DIV/0!,0,0.5,#DIV/0!,1.850146679,0.57081385,16.90659523,0.668,6.449906549,1,12.8998131,18.82897758,16.90659523,17.0178566,400.3477783,396.8728943,13.36149502,13.76777077,60.59644699,62.43897247,300.0135803,1498.894043,2207.847412,98.9460144,5.083316803,0.41627425,0.021876048,0.011370046,0.026855327,0.01072455,0.25,-1.355140209,7.355140209,1,0,0.159999996,111115,4.491221262,0.001850147,290.0565952,291.9789776,239.8230415,0.498680587,1.933079895,19.53671309,5.76894232,17.86778641,2.054118876,0.315367616,1.362266045,0.691852831,0.197799893,31.49846113,0.802120458,70.70535551,395.3164787,0.02660006,0,1311.553194,0,#DIV/0!,#DIV/0!
1,1_12,24,53,13:24:21,12944.00002,0,15.0957018,0.325776828,317.771331,0,0,0,0,0,0,0,#DIV/0!,#DIV/0!,#DIV/0!,-1,0.87,0.92,10.02789593,0.875013948,0.012272828,#DIV/0!,#DIV/0!,#DIV/0!,0,0.5,#DIV/0!,1.863727747,0.570688976,16.9064064,0.668,6.449906549,1,12.8998131,18.83012581,16.9064064,17.01939392,400.381897,396.8559875,13.35952377,13.76878929,60.58320618,62.43915939,300.007782,1498.822754,2207.540283,98.94608307,5.083316803,0.41627425,0.021876048,0.011370046,0.026855327,0.01072455,0.25,-1.355140209,7.355140209,1,0,0.159999996,111115,4.491134461,0.001863728,290.0564064,291.9801258,239.8116353,0.497016859,1.933056745,19.53646557,5.767676278,17.86826611,2.054180905,0.317752193,1.362367769,0.691813136,0.199300824,31.44222851,0.800722027,70.71695169,395.2761819,0.027006991,0,1311.490815,0,#DIV/0!,#DIV/0!
1,1_12,24,54,13:24:22,12945.00002,0,14.84215251,0.324417356,318.7715852,0,0,0,0,0,0,0,#DIV/0!,#DIV/0!,#DIV/0!,-1,0.87,0.92,10.02789593,0.875013948,0.012079412,#DIV/0!,#DIV/0!,#DIV/0!,0,0.5,#DIV/0!,1.855596662,0.570517014,16.90462303,0.668,6.449906549,1,12.8998131,18.83152771,16.90462303,17.02054024,400.3621521,396.8934326,13.36096764,13.76844406,60.58389282,62.43154907,300.010498,1498.833618,2206.94043,98.94517517,5.083316803,0.41627425,0.021876048,0.011370046,0.026855327,0.01072455,0.5,-1.355140209,7.355140209,1,0,0.159999996,111115,4.49117512,0.001855597,290.054623,291.9815277,239.8133735,0.498117248,1.932838124,19.53443531,5.765991252,17.86807537,2.054156241,0.316458736,1.362321109,0.691835131,0.19848667,31.54091034,0.803166692,70.71948976,395.3401616,0.026550033,0,1311.500322,0,#DIV/0!,#DIV/0!
1,1_12,24,55,13:24:22,12945.50002,0,14.83289517,0.323710922,318.6683285,0,0,0,0,0,0,0,#DIV/0!,#DIV/0!,#DIV/0!,-1,0.87,0.92,10.02789593,0.875013948,0.012071325,#DIV/0!,#DIV/0!,#DIV/0!,0,0.5,#DIV/0!,1.851118571,0.570350548,16.90251541,0.668,6.449906549,1,12.8998131,18.8321991,16.90251541,17.02124023,400.3681641,396.9017944,13.361063,13.76756859,60.58154297,62.42472076,300.0015259,1498.961304,2206.669189,98.9447937,5.083316803,0.41627425,0.021876048,0.011370046,0.026855327,0.01072455,0.5,-1.355140209,7.355140209,1,0,0.159999996,111115,4.491040807,0.001851119,290.0525154,291.9821991,239.8338032,0.498807819,1.932579781,19.53189965,5.764331062,17.86735725,2.054063384,0.315786501,1.362229234,0.69183415,0.198063547,31.53057203,0.802889614,70.72260708,395.3494922,0.026534017,0,1311.612048,0,#DIV/0!,#DIV/0!
5,5_1,1,1,09:33:28,1046.499993,0,18.55030965,0.096135183,80.27093756,0,0,0,0,0,0,0,#DIV/0!,#DIV/0!,#DIV/0!,-1,0.87,0.92,9.926127434,0.874963064,0.014892638,#DIV/0!,#DIV/0!,#DIV/0!,0,0.5,#DIV/0!,1.319086973,1.344351129,20.64307404,0.633,6.497336457,1,12.99467291,18.40345001,20.64307404,17.01570702,400.2377625,396.227356,10.8071661,11.08145237,50.37595749,51.65450287,301.0465088,1500.348999,1530.182495,99.02645874,1.160098076,0.61641252,0.044112522,0.019471278,0.036528919,0.020557776,0.5,-1.355140209,7.355140209,1,0,0.159999996,111115,4.755869017,0.001319087,293.793074,291.55345,240.0558345,0.436555386,2.441708115,24.65712847,13.5756761,19.52326202,2.278225356,0.095429194,1.097356986,1.18086837,0.059706276,7.948946686,0.202588076,44.35212628,394.3001879,0.020865972,0,1312.749957,0,#DIV/0!,#DIV/0!
5,5_1,1,2,09:33:29,1047.499993,0,18.71643625,0.095679333,76.03878378,0,0,0,0,0,0,0,#DIV/0!,#DIV/0!,#DIV/0!,-1,0.87,0.92,9.926127434,0.874963064,0.01501837,#DIV/0!,#DIV/0!,#DIV/0!,0,0.5,#DIV/0!,1.311921428,1.343369095,20.63894844,0.633,6.497336457,1,12.99467291,18.40357971,20.63894844,17.01546288,400.2561646,396.2109985,10.81231308,11.08513737,50.39938354,51.6710968,301.0144958,1500.430542,1530.641235,99.02613831,1.160098076,0.61641252,0.044112522,0.019471278,0.036528919,0.020557776,0.5,-1.355140209,7.355140209,1,0,0.159999996,111115,4.755363284,0.001311921,293.7889484,291.5535797,240.0688814,0.437595539,2.441087441,24.65094047,13.56580311,19.52126408,2.277942468,0.094979999,1.097718346,1.180224122,0.059424937,7.529827119,0.191914874,44.37677166,394.2665718,0.021066331,0,1312.821304,0,#DIV/0!,#DIV/0!
5,5_1,1,3,09:33:30,1048.499993,0,19.2385293,0.095620002,67.11145978,0,0,0,0,0,0,0,#DIV/0!,#DIV/0!,#DIV/0!,-1,0.87,0.92,9.926127434,0.874963064,0.015414425,#DIV/0!,#DIV/0!,#DIV/0!,0,0.5,#DIV/0!,1.309515209,1.341747783,20.63030434,0.633,6.497336457,1,12.99467291,18.40394592,20.63030434,17.0158596,400.3184509,396.1637573,10.81598186,11.08830166,50.41569138,51.68503189,301.0180664,1500.589478,1531.339478,99.02685547,1.160098076,0.61641252,0.044112522,0.019471278,0.036528919,0.020557776,0.5,-1.355140209,7.355140209,1,0,0.159999996,111115,4.75541969,0.001309515,293.7803043,291.5539459,240.094311,0.438233193,2.439787428,24.63763407,13.54933241,19.51712513,2.277356535,0.094921531,1.098039646,1.179316889,0.059388317,6.645836828,0.16940333,44.41433597,394.165091,0.021677884,0,1312.960367,0,#DIV/0!,#DIV/0!
5,5_1,1,4,09:33:31,1049.499993,0,19.61918954,0.096240798,62.84711879,0,0,0,0,0,0,0,#DIV/0!,#DIV/0!,#DIV/0!,-1,0.87,0.92,9.926127434,0.874963064,0.015705823,#DIV/0!,#DIV/0!,#DIV/0!,0,0.5,#DIV/0!,1.316762901,1.34055163,20.62600708,0.633,6.497336457,1,12.99467291,18.40330696,20.62600708,17.01564026,400.3750916,396.1396179,10.81989002,11.09372425,50.43652344,51.71299744,301.0084534,1500.44873,1531.967041,99.02803802,1.160098076,0.61641252,0.044112522,0.019471278,0.036528919,0.020557776,0.5,-1.355140209,7.355140209,1,0,0.159999996,111115,4.755267826,0.001316763,293.7760071,291.553307,240.0717915,0.437397654,2.439141377,24.63081593,13.53709168,19.51465702,2.277007198,0.095533262,1.098589747,1.178417451,0.059771456,6.22362687,0.158648911,44.45185398,394.1014053,0.02212906,0,1312.837218,0,#DIV/0!,#DIV/0!
5,5_1,1,5,09:33:31,1049.999993,0,19.84868,0.096288409,59.20419842,0,0,0,0,0,0,0,#DIV/0!,#DIV/0!,#DIV/0!,-1,0.87,0.92,9.926127434,0.874963064,0.01587984,#DIV/0!,#DIV/0!,#DIV/0!,0,0.5,#DIV/0!,1.316383515,1.339520996,20.62057495,0.633,6.497336457,1,12.99467291,18.40369797,20.62057495,17.01576233,400.4124451,396.1288452,10.82206345,11.09581184,50.44576263,51.72180557,301.0154419,1500.523193,1532.096436,99.02870941,1.160098076,0.61641252,0.044112522,0.019471278,0.036528919,0.020557776,0.5,-1.355140209,7.355140209,1,0,0.159999996,111115,4.755378229,0.001316384,293.770575,291.553698,240.0837056,0.437653554,2.438324923,24.62240432,13.52659248,19.51213646,2.276650486,0.095580175,1.098803927,1.177846559,0.059800839,5.862915361,0.149456923,44.47635526,394.0667912,0.022402216,0,1312.90237,0,#DIV/0!,#DIV/0!
5,5_5,5,6,09:48:33,1951.499995,0,22.77595377,0.239218793,231.3111108,0,0,0,0,0,0,0,#DIV/0!,#DIV/0!,#DIV/0!,-1,0.87,0.92,10.25912857,0.875129564,0.018111291,#DIV/0!,#DIV/0!,#DIV/0!,0,0.5,#DIV/0!,2.805618943,1.16172007,21.00248909,0.993,6.009485981,1,12.01897196,18.44139671,21.00248909,17.01229095,400.0688477,392.1925964,12.56286812,13.47590637,58.42613602,62.67240143,301.0209045,1500.08606,1434.743164,99.03553772,1.059281707,0.603312671,0.035620976,0.016429454,0.01830975,0.019838011,0.25,-1.355140209,7.355140209,1,0,0.159999996,111115,3.031429049,0.002805619,294.1524891,291.5913967,240.0137642,0.26440125,2.496313704,25.20624173,11.73033536,19.7219429,2.3065107,0.234550435,1.334593634,0.971917066,0.147006416,22.90802024,0.58978959,53.47083138,389.6343462,0.031256207,0,1312.76966,0,#DIV/0!,#DIV/0!
5,5_5,5,7,09:48:34,1952.499995,0,22.48904772,0.239371261,233.3690081,0,0,0,0,0,0,0,#DIV/0!,#DIV/0!,#DIV/0!,-1,0.87,0.92,10.25912857,0.875129564,0.01789389,#DIV/0!,#DIV/0!,#DIV/0!,0,0.5,#DIV/0!,2.803626756,1.160184497,20.99279404,0.993,6.009485981,1,12.01897196,18.43967438,20.99279404,17.01132011,399.9963989,392.2149048,12.5639286,13.47633266,58.43765259,62.68144989,301.0161133,1499.989746,1434.903564,99.03601837,1.059281707,0.603312671,0.035620976,0.016429454,0.01830975,0.019838011,0.25,-1.355140209,7.355140209,1,0,0.159999996,111115,3.031380798,0.002803627,294.142794,291.5896744,239.998354,0.264880898,2.494826826,25.19110589,11.71477323,19.71623421,2.305693703,0.234697008,1.334642329,0.971051374,0.147098541,23.11193738,0.595002906,53.50556711,389.6888806,0.030878203,0,1312.685373,0,#DIV/0!,#DIV/0!
5,5_5,5,8,09:48:35,1953.499994,0,22.26272324,0.23916854,234.8100377,0,0,0,0,0,0,0,#DIV/0!,#DIV/0!,#DIV/0!,-1,0.87,0.92,10.25912857,0.875129564,0.017723549,#DIV/0!,#DIV/0!,#DIV/0!,0,0.5,#DIV/0!,2.798734646,1.15912229,20.98609352,0.993,6.009485981,1,12.01897196,18.43777084,20.98609352,17.01068687,399.9585571,392.2521057,12.56591988,13.47675705,58.45358276,62.69057465,301.0076599,1499.814331,1434.691528,99.03549957,1.059281707,0.603312671,0.035620976,0.016429454,0.01830975,0.019838011,0.5,-1.355140209,7.355140209,1,0,0.159999996,111115,3.031295669,0.002798735,294.1360935,291.5877708,239.9702876,0.265600462,2.493799657,25.18086614,11.70410909,19.71193218,2.305078189,0.234502123,1.334677367,0.970400822,0.146976052,23.25452939,0.598620209,53.5284661,389.7515028,0.030575621,0,1312.531862,0,#DIV/0!,#DIV/0!
5,5_5,5,9,09:48:36,1954.499994,0,22.10150664,0.239648335,236.2130717,0,0,0,0,0,0,0,#DIV/0!,#DIV/0!,#DIV/0!,-1,0.87,0.92,10.25912857,0.875129564,0.017601142,#DIV/0!,#DIV/0!,#DIV/0!,0,0.5,#DIV/0!,2.800389239,1.157542571,20.9763031,0.993,6.009485981,1,12.01897196,18.43649101,20.9763031,17.00995445,399.9208069,392.2674866,12.56616879,13.47752285,58.45959854,62.69934845,301.0145569,1499.778442,1434.819092,99.03577423,1.059281707,0.603312671,0.035620976,0.016429454,0.01830975,0.019838011,0.5,-1.355140209,7.355140209,1,0,0.159999996,111115,3.031365125,0.002800389,294.1263031,291.586491,239.9645454,0.26564603,2.492299482,25.16564848,11.68812563,19.70639706,2.30428646,0.234963361,1.33475691,0.969529549,0.14726595,23.39354444,0.602173465,53.56602559,389.7849919,0.030372895,0,1312.500455,0,#DIV/0!,#DIV/0!
5,5_5,5,10,09:48:37,1955.499994,0,22.05626359,0.240295076,236.9284916,0,0,0,0,0,0,0,#DIV/0!,#DIV/0!,#DIV/0!,-1,0.87,0.92,10.25912857,0.875129564,0.017560461,#DIV/0!,#DIV/0!,#DIV/0!,0,0.5,#DIV/0!,2.807159046,1.157277161,20.97551346,0.993,6.009485981,1,12.01897196,18.43521309,20.97551346,17.00920868,399.9245605,392.2849121,12.56540108,13.47900009,58.46062088,62.71115112,301.0003357,1500.308838,1434.475098,99.0356369,1.059281707,0.603312671,0.035620976,0.016429454,0.01830975,0.019838011,0.5,-1.355140209,7.355140209,1,0,0.159999996,111115,3.03122191,0.002807159,294.1255135,291.5852131,240.0494087,0.264993225,2.49217852,25.16446199,11.68546189,19.70536327,2.304138617,0.235585029,1.334901359,0.969237258,0.147656689,23.46436407,0.603970442,53.57686142,389.8074992,0.030315101,0,1312.96462,0,#DIV/0!,#DIV/0!
5,5_4,4,11,09:54:53,2331.999994,0,15.40545592,0.15313863,227.5936907,0,0,0,0,0,0,0,#DIV/0!,#DIV/0!,#DIV/0!,-1,0.87,0.92,9.926127434,0.874963064,0.012480983,#DIV/0!,#DIV/0!,#DIV/0!,0,0.5,#DIV/0!,1.618185217,1.039508336,20.2085743,0.829,6.231728976,1,12.46345795,18.34433174,20.2085743,17.00757408,399.9864807,395.5673218,13.06610298,13.50575352,61.13910675,63.19633102,301.0022278,1502.276245,696.3031006,99.03822327,0.924201727,0.641434014,0.034186181,0.014849,0.051195152,0.018308017,0.5,-1.355140209,7.355140209,1,0,0.159999996,111115,3.630907452,0.001618185,293.3585743,291.4943317,240.3641938,0.429338317,2.377094168,24.00178527,10.49603175,19.27645302,2.243511957,0.151279853,1.337585832,0.905926124,0.094715169,22.54047475,0.575360193,55.97494324,393.8986544,0.021891913,0,1314.436226,0,#DIV/0!,#DIV/0!
5,5_4,4,12,09:54:54,2332.999994,0,15.50842985,0.153875706,227.2691558,0,0,0,0,0,0,0,#DIV/0!,#DIV/0!,#DIV/0!,-1,0.87,0.92,9.926127434,0.874963064,0.012557383,#DIV/0!,#DIV/0!,#DIV/0!,0,0.5,#DIV/0!,1.624731027,1.038780168,20.20531082,0.829,6.231728976,1,12.46345795,18.3439045,20.20531082,17.00798798,399.9953918,395.5470886,13.06677151,13.50820732,61.14413834,63.20977402,300.9968262,1502.508423,751.90271,99.03863525,0.924201727,0.641434014,0.034186181,0.014849,0.051195152,0.018308017,0.75,-1.355140209,7.355140209,1,0,0.159999996,111115,3.630842294,0.001624731,293.3553108,291.4939045,240.4013423,0.428702807,2.376614585,23.99684304,10.48863572,19.27460766,2.243254165,0.151999103,1.337834418,0.905419747,0.095166277,22.50842703,0.574569153,55.99953114,393.8672675,0.022049682,0,1314.639373,0,#DIV/0!,#DIV/0!
5,5_4,4,13,09:54:54,2333.499994,0,15.49220645,0.153820532,227.3857816,0,0,0,0,0,0,0,#DIV/0!,#DIV/0!,#DIV/0!,-1,0.87,0.92,9.926127434,0.874963064,0.012544167,#DIV/0!,#DIV/0!,#DIV/0!,0,0.5,#DIV/0!,1.622834121,1.037941489,20.19982719,0.829,6.231728976,1,12.46345795,18.34341812,20.19982719,17.0081768,399.991333,395.547699,13.06758976,13.50851059,61.14995575,63.21324921,300.99646,1502.613281,766.5987549,99.03885651,0.924201727,0.641434014,0.034186181,0.014849,0.051195152,0.018308017,0.75,-1.355140209,7.355140209,1,0,0.159999996,111115,3.630837876,0.001622834,293.3498272,291.4934181,240.4181196,0.429150141,2.375808931,23.98865471,10.48014412,19.27162266,2.242837224,0.151945266,1.337867442,0.904969782,0.09513251,22.5200278,0.574863113,56.02013128,393.8696351,0.022034586,0,1314.73112,0,#DIV/0!,#DIV/0!
5,5_4,4,14,09:54:55,2334.499994,0,15.35150748,0.153131571,228.1332597,0,0,0,0,0,0,0,#DIV/0!,#DIV/0!,#DIV/0!,-1,0.87,0.92,9.926127434,0.874963064,0.012438319,#DIV/0!,#DIV/0!,#DIV/0!,0,0.5,#DIV/0!,1.616276627,1.03834357,20.20176315,0.829,6.231728976,1,12.46345795,18.34263611,20.20176315,17.00942612,399.9473572,395.5430603,13.06813431,13.50728703,61.15567017,63.21079636,300.9875488,1502.472046,638.211731,99.03911591,0.924201727,0.641434014,0.034186181,0.014849,0.051195152,0.018308017,0.75,-1.355140209,7.355140209,1,0,0.159999996,111115,3.630730384,0.001616277,293.3517632,291.4926361,240.395522,0.429833704,2.376093335,23.99146351,10.48417648,19.27219963,2.24291781,0.151272964,1.337749765,0.905168044,0.094710848,22.59411635,0.576759606,56.0059226,393.8802365,0.021828344,0,1314.607544,0,#DIV/0!,#DIV/0!
5,5_4,4,15,09:54:56,2334.999994,0,15.28405926,0.153191368,228.9172396,0,0,0,0,0,0,0,#DIV/0!,#DIV/0!,#DIV/0!,-1,0.87,0.92,9.957670212,0.874978835,0.012387414,#DIV/0!,#DIV/0!,#DIV/0!,0,0.5,#DIV/0!,1.616103481,1.037835976,20.198843,0.829,6.231728976,1,12.46345795,18.34240913,20.198843,17.01043129,399.9424744,395.5567322,13.06894493,13.50805378,61.16045761,63.21541214,300.9851379,1502.39624,543.1552124,99.03931427,0.924201727,0.641434014,0.034186181,0.014849,0.051195152,0.018308017,0.5,-1.355140209,7.355140209,1,0,0.159999996,111115,3.630701302,0.001616103,293.348843,291.4924091,240.3833931,0.429905754,2.375664359,23.98708409,10.47903031,19.27062607,2.242698037,0.151331318,1.337828383,0.904869653,0.094747447,22.67180643,0.578721637,56.01977833,393.9012141,0.021736658,0,1314.564912,0,#DIV/0!,#DIV/0!
5,5_3,3,16,10:00:53,2691.499994,0,37.89820662,0.564893001,277.6599817,0,0,0,0,0,0,0,#DIV/0!,#DIV/0!,#DIV/0!,-1,0.87,0.92,9.964836121,0.874982418,0.029624253,#DIV/0!,#DIV/0!,#DIV/0!,0,0.5,#DIV/0!,6.180733983,1.107405786,20.26151657,0.364,6.861869173,1,13.72373835,18.21131325,20.26151657,17.01247787,399.758606,394.880249,12.16054344,12.89836597,57.38095093,60.86245728,300.9895325,1500.661865,940.4827881,99.04203033,0.707778692,0.64376837,0.011393262,0.008295381,0.037754808,0.012296862,0.75,-1.355140209,7.355140209,1,0,0.159999996,111115,8.2689432,0.006180734,293.4115166,291.3613132,240.1058931,-0.143237773,2.38488614,24.07953605,11.18117007,19.23641491,2.237924574,0.542560274,1.277480354,0.96044422,0.341038317,27.50000833,0.703149834,54.56131613,391.1522139,0.052863718,0,1313.052748,0,#DIV/0!,#DIV/0!
5,5_3,3,17,10:00:54,2692.499994,0,38.5104936,0.566812366,276.231494,0,0,0,0,0,0,0,#DIV/0!,#DIV/0!,#DIV/0!,-1,0.87,0.92,9.964836121,0.874982418,0.030089697,#DIV/0!,#DIV/0!,#DIV/0!,0,0.5,#DIV/0!,6.19929967,1.107136008,20.25849342,0.364,6.861869173,1,13.72373835,18.21098328,20.25849342,17.01264572,399.8167419,394.8629761,12.15633202,12.89644527,57.36291885,60.85534668,300.9598389,1500.704956,769.7753906,99.04315186,0.707778692,0.64376837,0.011393262,0.008295381,0.037754808,0.012296862,0.75,-1.355140209,7.355140209,1,0,0.159999996,111115,8.268127441,0.0061993,293.4084934,291.3609833,240.1127876,-0.145292569,2.384440595,24.07476489,11.17831962,19.23473835,2.237690874,0.544330639,1.277304588,0.960386286,0.342157501,27.35883781,0.699562914,54.57015459,391.0747104,0.053737139,0,1313.090451,0,#DIV/0!,#DIV/0!
5,5_3,3,18,10:00:55,2693.499994,0,38.65070066,0.567024641,275.8644903,0,0,0,0,0,0,0,#DIV/0!,#DIV/0!,#DIV/0!,-1,0.87,0.92,9.964836121,0.874982418,0.030196689,#DIV/0!,#DIV/0!,#DIV/0!,0,0.5,#DIV/0!,6.195223407,1.106043276,20.2484436,0.364,6.861869173,1,13.72373835,18.21103477,20.2484436,17.01261902,399.8257751,394.8553162,12.15265274,12.89227295,57.34651566,60.83666992,300.9637146,1500.694214,606.7276611,99.04512024,0.707778692,0.64376837,0.011393262,0.008295381,0.037754808,0.012296862,0.25,-1.355140209,7.355140209,1,0,0.159999996,111115,8.268233918,0.006195223,293.3984436,291.3610348,240.1110689,-0.144536796,2.382960001,24.05933775,11.1670648,19.22973919,2.236994154,0.544526406,1.276916724,0.960077429,0.342281263,27.32303161,0.698647021,54.58792245,391.0532584,0.053953302,0,1313.081052,0,#DIV/0!,#DIV/0!
5,5_3,3,19,10:00:56,2693.999994,0,39.09168408,0.567795093,274.6997836,0,0,0,0,0,0,0,#DIV/0!,#DIV/0!,#DIV/0!,-1,0.87,0.92,9.964836121,0.874982418,0.03053333,#DIV/0!,#DIV/0!,#DIV/0!,0,0.5,#DIV/0!,6.198489317,1.105200239,20.2413063,0.364,6.861869173,1,13.72373835,18.2104969,20.2413063,17.01238251,399.837738,394.8136292,12.150033,12.89007282,57.33652878,60.82881165,300.952301,1500.654785,526.2575684,99.04589081,0.707778692,0.64376837,0.011393262,0.008295381,0.037754808,0.012296862,0.25,-1.355140209,7.355140209,1,0,0.159999996,111115,8.267920358,0.006198489,293.3913063,291.3604969,240.1047603,-0.144742948,2.381908984,24.04853916,11.15846634,19.2259016,2.236459449,0.545236893,1.276708745,0.959750703,0.34273043,27.20788477,0.695770772,54.60526117,390.968192,0.054598089,0,1313.046553,0,#DIV/0!,#DIV/0!
5,5_3,3,20,10:00:57,2694.999994,0,39.28183913,0.568843692,274.3650208,0,0,0,0,0,0,0,#DIV/0!,#DIV/0!,#DIV/0!,-1,0.87,0.92,9.964836121,0.874982418,0.03067964,#DIV/0!,#DIV/0!,#DIV/0!,0,0.5,#DIV/0!,6.205034058,1.104416339,20.23425484,0.364,6.861869173,1,13.72373835,18.21021461,20.23425484,17.01266479,399.8691101,394.8222961,12.14677143,12.88750458,57.32217407,60.81778717,300.9888611,1500.581909,591.4277954,99.0459137,0.707778692,0.64376837,0.011393262,0.008295381,0.037754808,0.012296862,0.25,-1.355140209,7.355140209,1,0,0.159999996,111115,8.268924755,0.006205034,293.3842548,291.3602146,240.0931001,-0.145338162,2.380871005,24.03805383,11.15054925,19.22223473,2.235948634,0.546203756,1.276454666,0.959493967,0.343341688,27.17473417,0.694907617,54.62131366,390.9581535,0.05488121,0,1312.982787,0,#DIV/0!,#DIV/0!
5,5_2,2,21,10:12:16,3374.999995,0,13.53825372,0.189440203,272.0346549,0,0,0,0,0,0,0,#DIV/0!,#DIV/0!,#DIV/0!,-1,0.87,0.92,10.09175777,0.875045879,0.01106905,#DIV/0!,#DIV/0!,#DIV/0!,0,0.5,#DIV/0!,2.410166433,1.255961453,21.11781693,1.066,5.910560746,1,11.82112149,18.6629715,21.11781693,17.01686478,399.9753418,394.8273926,11.85648632,12.70189285,54.38811111,58.26616287,300.0453796,1500.966797,252.5380402,99.04815674,0.890846014,0.646743715,0.015859593,0.015609632,0.027344137,0.018700039,0.5,-1.355140209,7.355140209,1,0,0.159999996,111115,2.814684612,0.002410166,294.2678169,291.8129715,240.1546821,0.325352465,2.514060528,25.38220407,12.68031122,19.89039421,2.330732993,0.1864522,1.258099074,1.072633919,0.116797445,26.94453114,0.688996407,49.87601956,393.281292,0.017169243,0,1313.41481,0,#DIV/0!,#DIV/0!
5,5_2,2,22,10:12:17,3375.499995,0,13.69033766,0.189829447,270.9829551,0,0,0,0,0,0,0,#DIV/0!,#DIV/0!,#DIV/0!,-1,0.87,0.92,10.09175777,0.875045879,0.011183967,#DIV/0!,#DIV/0!,#DIV/0!,0,0.5,#DIV/0!,2.41252592,1.254650986,21.1103878,1.066,5.910560746,1,11.82112149,18.66308403,21.1103878,17.01711082,400.0249329,394.8226318,11.85740757,12.70363903,54.39156723,58.27334976,300.0458069,1501.084229,251.8275757,99.0474472,0.890846014,0.646743715,0.015859593,0.015609632,0.027344137,0.018700039,0.5,-1.355140209,7.355140209,1,0,0.159999996,111115,2.81468862,0.002412526,294.2603878,291.813084,240.1734712,0.325345743,2.512914003,25.37081039,12.66717136,19.88673592,2.330204594,0.18682925,1.258263016,1.071941578,0.117034174,26.84016994,0.686340988,49.90734319,393.2591629,0.017373998,0,1313.517568,0,#DIV/0!,#DIV/0!
5,5_2,2,23,10:12:17,3375.499995,0,13.69033766,0.189829447,270.9829551,0,0,0,0,0,0,0,#DIV/0!,#DIV/0!,#DIV/0!,-1,0.87,0.92,10.09175777,0.875045879,0.011183967,#DIV/0!,#DIV/0!,#DIV/0!,0,0.5,#DIV/0!,2.41252592,1.254650986,21.1103878,1.066,5.910560746,1,11.82112149,18.66308403,21.1103878,17.01711082,400.0249329,394.8226318,11.85740757,12.70363903,54.39156723,58.27334976,300.0458069,1501.084229,251.8275757,99.0474472,0.890846014,0.646743715,0.015859593,0.015609632,0.027344137,0.018700039,0.5,-1.355140209,7.355140209,1,0,0.159999996,111115,2.81468862,0.002412526,294.2603878,291.813084,240.1734712,0.325345743,2.512914003,25.37081039,12.66717136,19.88673592,2.330204594,0.18682925,1.258263016,1.071941578,0.117034174,26.84016994,0.686340988,49.90734319,393.2591629,0.017373998,0,1313.517568,0,#DIV/0!,#DIV/0!
5,5_2,2,24,10:12:18,3376.999995,0,13.99286814,0.190458848,268.8246293,0,0,0,0,0,0,0,#DIV/0!,#DIV/0!,#DIV/0!,-1,0.87,0.92,10.09175777,0.875045879,0.01141495,#DIV/0!,#DIV/0!,#DIV/0!,0,0.5,#DIV/0!,2.419966353,1.254422265,21.11088181,1.066,5.910560746,1,11.82112149,18.66441345,21.11088181,17.01782799,400.1470032,394.8361511,11.85790157,12.70674229,54.38920212,58.28261948,300.0450745,1500.997192,250.1440887,99.04725647,0.890846014,0.646743715,0.015859593,0.015609632,0.027344137,0.018700039,0.5,-1.355140209,7.355140209,1,0,0.159999996,111115,2.814681749,0.002419966,294.2608818,291.8144135,240.1595454,0.324334745,2.512990227,25.37162882,12.66488654,19.88764763,2.330336271,0.187438881,1.258567962,1.071768309,0.117416934,26.626342,0.680851104,49.92051834,393.2381325,0.017763568,0,1313.441407,0,#DIV/0!,#DIV/0!
5,5_2,2,25,10:12:19,3377.999994,0,13.99023124,0.190682062,268.9558378,0,0,0,0,0,0,0,#DIV/0!,#DIV/0!,#DIV/0!,-1,0.87,0.92,10.09175777,0.875045879,0.011412409,#DIV/0!,#DIV/0!,#DIV/0!,0,0.5,#DIV/0!,2.424034167,1.255075733,21.11565208,1.066,5.910560746,1,11.82112149,18.66592598,21.11565208,17.01889992,400.1225281,394.8120117,11.8573246,12.70759964,54.38131332,58.28093719,300.0421753,1501.067383,249.710968,99.04708099,0.890846014,0.646743715,0.015859593,0.015609632,0.027344137,0.018700039,0.75,-1.355140209,7.355140209,1,0,0.159999996,111115,2.814654552,0.002424034,294.2656521,291.815926,240.1707759,0.323714309,2.513726384,25.37910616,12.67150652,19.89078903,2.330790027,0.187655069,1.258650651,1.072139376,0.117552669,26.63929065,0.681225064,49.90982205,393.2142943,0.017757492,0,1313.502827,0,#DIV/0!,#DIV/0!
5,5_8,8,26,10:27:26,4285,0,19.96549251,0.152025595,170.7078801,0,0,0,0,0,0,0,#DIV/0!,#DIV/0!,#DIV/0!,-1,0.87,0.92,9.926127434,0.874963064,0.015997691,#DIV/0!,#DIV/0!,#DIV/0!,0,0.5,#DIV/0!,2.157178717,1.394320968,22.61082458,1.237,5.67883177,1,11.35766354,19.95163727,22.61082458,18.05064011,398.256958,389.6781006,12.85357285,13.73081684,54.40237808,58.11528397,300.0066528,1497.814575,427.0726318,99.0226593,1.031175017,0.623308778,0.166729555,0.005098561,0.176297367,0.006360726,0.25,-1.355140209,7.355140209,1,0,0.159999996,111115,2.425276094,0.002157179,295.7608246,293.1016373,239.6503267,0.363277644,2.753982966,27.81164418,14.08082734,21.28123093,2.539396085,0.150017567,1.359661998,1.179734087,0.093939344,16.90394825,0.438074092,48.97973038,387.3049527,0.025248953,0,1310.53243,0,#DIV/0!,#DIV/0!
5,5_8,8,27,10:27:27,4286,0,19.86657651,0.152624496,172.559652,0,0,0,0,0,0,0,#DIV/0!,#DIV/0!,#DIV/0!,-1,0.87,0.92,9.926127434,0.874963064,0.015920128,#DIV/0!,#DIV/0!,#DIV/0!,0,0.5,#DIV/0!,2.16323583,1.392845011,22.60456276,1.237,5.67883177,1,11.35766354,19.94060516,22.60456276,18.03845024,398.2093201,389.6706238,12.85530281,13.73497105,54.44760895,58.17337799,300.0186768,1498.010742,427.338501,99.02396393,1.031175017,0.623308778,0.166729555,0.005098561,0.176297367,0.006360726,0.25,-1.355140209,7.355140209,1,0,0.159999996,111115,2.425373296,0.002163236,295.7545628,293.0906052,239.6817134,0.362378307,2.752936289,27.80070782,14.06573678,21.27258396,2.538049887,0.150600721,1.360091277,1.177958609,0.094305206,17.08754076,0.442834644,49.01718969,387.3092333,0.025142797,0,1310.704068,0,#DIV/0!,#DIV/0!
5,5_8,8,28,10:27:28,4287,0,19.67588144,0.152756623,174.7206436,0,0,0,0,0,0,0,#DIV/0!,#DIV/0!,#DIV/0!,-1,0.87,0.92,9.926127434,0.874963064,0.015774447,#DIV/0!,#DIV/0!,#DIV/0!,0,0.5,#DIV/0!,2.1642051,1.392301842,22.60183144,1.237,5.67883177,1,11.35766354,19.92905807,22.60183144,18.02615356,398.1130676,389.6530457,12.85561752,13.7356596,54.48865891,58.2187233,300.0253906,1498.028809,427.1404419,99.02531433,1.031175017,0.623308778,0.166729555,0.005098561,0.176297367,0.006360726,0.5,-1.355140209,7.355140209,1,0,0.159999996,111115,2.425427572,0.002164205,295.7518314,293.0790581,239.684604,0.361954219,2.752479851,27.7957194,14.0600598,21.26544476,2.536938895,0.150729365,1.360178009,1.176760885,0.094385916,17.30176665,0.448400559,49.02931745,387.3143217,0.024907291,0,1310.719876,0,#DIV/0!,#DIV/0!
5,5_8,8,29,10:27:29,4287.999999,0,19.5562332,0.152909326,176.1635888,0,0,0,0,0,0,0,#DIV/0!,#DIV/0!,#DIV/0!,-1,0.87,0.92,9.926127434,0.874963064,0.01568486,#DIV/0!,#DIV/0!,#DIV/0!,0,0.5,#DIV/0!,2.162250082,1.389703883,22.58665657,1.237,5.67883177,1,11.35766354,19.91777039,22.58665657,18.01454926,398.0374756,389.6277771,12.85699654,13.73617458,54.53312302,58.26216507,300.0487976,1497.866699,426.7017212,99.02620697,1.031175017,0.623308778,0.166729555,0.005098561,0.176297367,0.006360726,0.5,-1.355140209,7.355140209,1,0,0.159999996,111115,2.425616796,0.00216225,295.7366566,293.0677704,239.6586665,0.36229335,2.749945151,27.76987259,14.03369801,21.25221348,2.534880989,0.15087804,1.360241267,1.174639722,0.094479194,17.444812,0.452133033,49.0788667,387.3032748,0.024781556,0,1310.578036,0,#DIV/0!,#DIV/0!
5,5_8,8,30,10:27:30,4288.999999,0,19.66272475,0.152688282,174.7416742,0,0,0,0,0,0,0,#DIV/0!,#DIV/0!,#DIV/0!,-1,0.87,0.92,9.926127434,0.874963064,0.015765386,#DIV/0!,#DIV/0!,#DIV/0!,0,0.5,#DIV/0!,2.156539098,1.388040302,22.57766342,1.237,5.67883177,1,11.35766354,19.90727997,22.57766342,18.00358963,398.059082,389.6065063,12.86079979,13.73764515,54.58539581,58.30701447,300.0519714,1497.936035,426.6509705,99.02742767,1.031175017,0.623308778,0.166729555,0.005098561,0.176297367,0.006360726,0.5,-1.355140209,7.355140209,1,0,0.159999996,111115,2.425642453,0.002156539,295.7276634,293.05728,239.6697603,0.363080508,2.748443964,27.75437097,14.01672582,21.24247169,2.533366751,0.150662826,1.360403661,1.17296309,0.09434417,17.30421851,0.448508101,49.11143091,387.2693462,0.024935218,0,1310.638703,0,#DIV/0!,#DIV/0!
5,5_9,9,31,10:33:29,4646.999994,0,59.40216181,1.545504707,323.2151228,0,0,0,0,0,0,0,#DIV/0!,#DIV/0!,#DIV/0!,-1,0.87,0.92,9.894784927,0.874947392,0.04599507,#DIV/0!,#DIV/0!,#DIV/0!,0,0.5,#DIV/0!,8.630909631,0.604504843,16.86652565,0.288,6.964859829,1,13.92971966,18.60935974,16.86652565,17.00245667,400.0915833,394.0630493,12.54462528,13.36204243,57.74609375,61.50887299,300.0289307,1500.925903,1545.387207,99.06181335,0.98338604,0.652438879,0.034447312,0.011968781,0.037938874,0.010338663,0.5,-1.355140209,7.355140209,1,0,0.159999996,111115,10.4176712,0.00863091,290.0165257,291.7593597,240.1481392,-0.316033788,1.928172996,19.46434181,6.102299386,17.7379427,2.037389291,1.391155746,1.323668153,0.713721139,0.88213652,32.01827617,0.820211698,71.30894521,388.3060836,0.109086766,0,1313.231205,0,#DIV/0!,#DIV/0!
5,5_9,9,32,10:33:29,4647.999994,0,59.540092,1.550036207,323.2571267,0,0,0,0,0,0,0,#DIV/0!,#DIV/0!,#DIV/0!,-1,0.87,0.92,9.894784927,0.874947392,0.046094752,#DIV/0!,#DIV/0!,#DIV/0!,0,0.5,#DIV/0!,8.655826934,0.604653842,16.86649704,0.288,6.964859829,1,13.92971966,18.60892296,16.86649704,17.00338364,400.1248169,394.0822449,12.5407753,13.36053181,57.72982407,61.50346375,300.0368958,1501.100098,1538.539063,99.06159973,0.98338604,0.652438879,0.034447312,0.011968781,0.037938874,0.010338663,0.5,-1.355140209,7.355140209,1,0,0.159999996,111115,10.41794777,0.008655827,290.016497,291.758923,240.1760103,-0.318819679,1.928169496,19.46434846,6.103816652,17.73771,2.037359418,1.39482625,1.323515654,0.713843764,0.88449799,32.02236809,0.820278332,71.31024427,388.3119116,0.109340414,0,1313.383616,0,#DIV/0!,#DIV/0!
5,5_9,9,33,10:33:30,4647.999994,0,59.540092,1.550036207,323.2571267,0,0,0,0,0,0,0,#DIV/0!,#DIV/0!,#DIV/0!,-1,0.87,0.92,9.894784927,0.874947392,0.046094752,#DIV/0!,#DIV/0!,#DIV/0!,0,0.5,#DIV/0!,8.655826934,0.604653842,16.86649704,0.288,6.964859829,1,13.92971966,18.60892296,16.86649704,17.00338364,400.1248169,394.0822449,12.5407753,13.36053181,57.72982407,61.50346375,300.0368958,1501.100098,1538.539063,99.06159973,0.98338604,0.652438879,0.034447312,0.011968781,0.037938874,0.010338663,0.5,-1.355140209,7.355140209,1,0,0.159999996,111115,10.41794777,0.008655827,290.016497,291.758923,240.1760103,-0.318819679,1.928169496,19.46434846,6.103816652,17.73771,2.037359418,1.39482625,1.323515654,0.713843764,0.88449799,32.02236809,0.820278332,71.31024427,388.3119116,0.109340414,0,1313.383616,0,#DIV/0!,#DIV/0!
5,5_9,9,34,10:33:31,4648.499994,0,59.67530287,1.550620152,323.1273683,0,0,0,0,0,0,0,#DIV/0!,#DIV/0!,#DIV/0!,-1,0.87,0.92,9.894784927,0.874947392,0.04620006,#DIV/0!,#DIV/0!,#DIV/0!,0,0.5,#DIV/0!,8.65983933,0.604729705,16.86748314,0.288,6.964859829,1,13.92971966,18.60874367,16.86748314,17.00443268,400.1375427,394.0819397,12.54083729,13.36096001,57.73085403,61.5062294,300.0418091,1501.023438,1526.809204,99.06177521,0.98338604,0.652438879,0.034447312,0.011968781,0.037938874,0.010338663,0.5,-1.355140209,7.355140209,1,0,0.159999996,111115,10.41811837,0.008659839,290.0174831,291.7587437,240.1637446,-0.3193416,1.928290122,19.46553166,6.104571654,17.7381134,2.037411207,1.395299087,1.323560417,0.713850791,0.88480221,32.00957073,0.8199497,71.30949843,388.2985025,0.109591355,0,1313.316543,0,#DIV/0!,#DIV/0!
5,5_9,9,35,10:33:31,4648.999994,0,59.40346679,1.551767733,323.4833316,0,0,0,0,0,0,0,#DIV/0!,#DIV/0!,#DIV/0!,-1,0.87,0.92,9.894784927,0.874947392,0.045994441,#DIV/0!,#DIV/0!,#DIV/0!,0,0.5,#DIV/0!,8.667451309,0.604858735,16.86818314,0.288,6.964859829,1,13.92971966,18.60859871,16.86818314,17.00501633,400.1175537,394.0878296,12.53968048,13.36051369,57.72609329,61.504776,300.0457458,1500.978882,1531.609253,99.06183624,0.98338604,0.652438879,0.034447312,0.011968781,0.037938874,0.010338663,0.25,-1.355140209,7.355140209,1,0,0.159999996,111115,10.41825506,0.008667451,290.0181831,291.7585987,240.1566157,-0.320252743,1.928375754,19.4663841,6.105870409,17.73839092,2.037446837,1.396228215,1.323517019,0.713929818,0.885400012,32.04485282,0.820840704,71.30677227,388.3307374,0.109078913,0,1313.277559,0,#DIV/0!,#DIV/0!
5,5_9,9,36,10:33:32,4649.999994,0,58.70605199,1.558148081,324.525706,0,0,0,0,0,0,0,#DIV/0!,#DIV/0!,#DIV/0!,-1,0.87,0.92,9.894784927,0.874947392,0.045464726,#DIV/0!,#DIV/0!,#DIV/0!,0,0.5,#DIV/0!,8.695553587,0.604584126,16.86589622,0.288,6.964859829,1,13.92971966,18.60803413,16.86589622,17.00582123,400.0619202,394.0980225,12.53697968,13.36048031,57.71561813,61.50670624,300.0435486,1500.934814,1566.609741,99.06169891,0.98338604,0.652438879,0.034447312,0.011968781,0.037938874,0.010338663,0.25,-1.355140209,7.355140209,1,0,0.159999996,111115,10.41817877,0.008695554,290.0158962,291.7580341,240.1495649,-0.323435233,1.928096004,19.46358709,6.103106781,17.73696518,2.037263799,1.401391484,1.323511878,0.713751921,0.888722278,32.14806778,0.823464437,71.32749587,388.4085203,0.107808028,0,1313.239002,0,#DIV/0!,#DIV/0!
5,5_6,6,37,10:44:34,5311.999994,0,27.98563378,0.310773673,243.0692394,0,0,0,0,0,0,0,#DIV/0!,#DIV/0!,#DIV/0!,-1,0.87,0.92,9.801931381,0.874900966,0.02211886,#DIV/0!,#DIV/0!,#DIV/0!,0,0.5,#DIV/0!,4.238784624,1.354791858,21.58845329,0.289,6.963504689,1,13.92700938,18.81374931,21.58845329,17.0079422,399.8802185,397.0224304,12.04080391,12.44401932,54.72794724,56.56064224,300.0293884,1497.825317,742.5519409,99.07100677,0.904849052,0.664943099,0.021972939,0.004571647,0.040965121,0.002164921,0.75,-1.355140209,7.355140209,1,0,0.159999996,111115,10.38163974,0.004238785,294.7384533,291.9637493,239.6520454,0.058318027,2.58763338,26.11897733,13.67495801,20.2011013,2.375996102,0.303990294,1.232841522,1.14315458,0.190591952,24.08111426,0.612230496,47.77950772,394.3096725,0.033910906,0,1310.448817,0,#DIV/0!,#DIV/0!
5,5_6,6,38,10:44:35,5312.999994,0,27.29812572,0.309748474,246.1633132,0,0,0,0,0,0,0,#DIV/0!,#DIV/0!,#DIV/0!,-1,0.87,0.92,9.801931381,0.874900966,0.021591984,#DIV/0!,#DIV/0!,#DIV/0!,0,0.5,#DIV/0!,4.226417301,1.355208428,21.58994102,0.289,6.963504689,1,13.92700938,18.81379318,21.58994102,17.00851631,399.802063,397.0110168,12.0401907,12.4422245,54.72486496,56.55218506,300.033783,1497.980713,743.133606,99.07074738,0.904849052,0.664943099,0.021972939,0.004571647,0.040965121,0.002164921,0.75,-1.355140209,7.355140209,1,0,0.159999996,111115,10.3817918,0.004226417,294.739941,291.9637932,239.6769087,0.059752387,2.587868909,26.12142309,13.67919859,20.2018671,2.376108607,0.303009291,1.23266048,1.143448126,0.189974965,24.38758341,0.620041517,47.76442661,394.3649018,0.033062763,0,1310.584772,0,#DIV/0!,#DIV/0!
5,5_6,6,39,10:44:35,5313.999994,0,27.65847991,0.311450539,245.0689349,0,0,0,0,0,0,0,#DIV/0!,#DIV/0!,#DIV/0!,-1,0.87,0.92,9.801931381,0.874900966,0.021865428,#DIV/0!,#DIV/0!,#DIV/0!,0,0.5,#DIV/0!,4.244885603,1.353857765,21.58158684,0.289,6.963504689,1,13.92700938,18.81378937,21.58158684,17.00848198,399.8399963,397.0133057,12.03873158,12.44255447,54.71805191,56.55350113,300.0096741,1498.084351,743.7075806,99.07039642,0.904849052,0.664943099,0.021972939,0.004571647,0.040965121,0.002164921,0.75,-1.355140209,7.355140209,1,0,0.159999996,111115,10.38095758,0.004244886,294.7315868,291.9637894,239.6934907,0.057926317,2.586546569,26.10816815,13.66561368,20.1976881,2.375494721,0.304637903,1.232688804,1.142805917,0.190999262,24.27907653,0.617281414,47.79639403,394.33226,0.033524409,0,1310.675445,0,#DIV/0!,#DIV/0!
5,5_6,6,40,10:44:36,5314.499994,0,27.8669748,0.312331641,244.3721159,0,0,0,0,0,0,0,#DIV/0!,#DIV/0!,#DIV/0!,-1,0.87,0.92,9.801931381,0.874900966,0.022024858,#DIV/0!,#DIV/0!,#DIV/0!,0,0.5,#DIV/0!,4.258225726,1.354361592,21.58523178,0.289,6.963504689,1,13.92700938,18.81444168,21.58523178,17.00842476,399.8462219,396.9989319,12.03818798,12.44328117,54.71339798,56.55453873,300.0085449,1498.060181,744.088501,99.07048035,0.904849052,0.664943099,0.021972939,0.004571647,0.040965121,0.002164921,0.75,-1.355140209,7.355140209,1,0,0.159999996,111115,10.38091851,0.004258226,294.7352318,291.9644417,239.6896235,0.056307973,2.587123435,26.11396882,13.67068765,20.19983673,2.375810332,0.305480829,1.232761843,1.143048489,0.191529424,24.21006291,0.615548548,47.79166835,394.297676,0.033776745,0,1310.654299,0,#DIV/0!,#DIV/0!
5,5_6,6,41,10:44:38,5315.999994,0,28.16858506,0.311488801,242.3722687,0,0,0,0,0,0,0,#DIV/0!,#DIV/0!,#DIV/0!,-1,0.87,0.92,9.801931381,0.874900966,0.022255352,#DIV/0!,#DIV/0!,#DIV/0!,0,0.5,#DIV/0!,4.258720636,1.358080168,21.60891342,0.289,6.963504689,1,13.92700938,18.81454086,21.60891342,17.00738716,399.8377075,396.9613342,12.03843594,12.44357967,54.71429825,56.55566406,300.0058899,1498.035156,745.6011963,99.07068634,0.904849052,0.664943099,0.021972939,0.004571647,0.040965121,0.002164921,0.5,-1.355140209,7.355140209,1,0,0.159999996,111115,10.38082664,0.004258721,294.7589134,291.9645409,239.6856196,0.055567322,2.590874146,26.15177347,13.70819379,20.21172714,2.377557575,0.30467451,1.232793979,1.144763596,0.191022286,24.01198701,0.610568959,47.72000112,394.2308421,0.034096899,0,1310.632405,0,#DIV/0!,#DIV/0!
5,5_7,7,42,10:52:27,5786.49999,0,14.45477735,0.19787534,270.4382334,0,0,0,0,0,0,0,#DIV/0!,#DIV/0!,#DIV/0!,-1,0.87,0.92,10.12943363,0.875064717,0.011776671,#DIV/0!,#DIV/0!,#DIV/0!,0,0.5,#DIV/0!,2.46157072,1.226528116,21.32203484,0.577,6.573224308,1,13.14644862,18.80739594,21.32203484,17.0026722,398.5047913,395.5376587,12.84958172,13.31667709,58.42420197,60.54798126,300.0270081,1499.684937,2056.005127,99.0659256,0.933886528,0.674052,0.110974915,0.013406715,0.098627046,0.01600777,0.75,-1.355140209,7.355140209,1,0,0.159999996,111125,5.199774836,0.002461571,294.4720348,291.9573959,239.9495845,0.284846683,2.545757059,25.69760534,12.38092825,20.06471539,2.35603375,0.19494116,1.319228942,1.036804808,0.122098488,26.79121391,0.683723098,51.59079078,394.0533073,0.018924683,0,1312.321374,0,#DIV/0!,#DIV/0!
5,5_7,7,43,10:52:28,5786.99999,0,14.45372347,0.199196859,271.1904698,0,0,0,0,0,0,0,#DIV/0!,#DIV/0!,#DIV/0!,-1,0.87,0.92,10.12943363,0.875064717,0.011775196,#DIV/0!,#DIV/0!,#DIV/0!,0,0.5,#DIV/0!,2.475370411,1.225345953,21.31534195,0.577,6.573224308,1,13.14644862,18.80707932,21.31534195,17.00264168,398.4747009,395.5065918,12.84835911,13.31809521,58.41968536,60.55551147,300.0124207,1499.770508,2055.855469,99.06572723,0.933886528,0.674052,0.110974915,0.013406715,0.098627046,0.01600777,0.75,-1.355140209,7.355140209,1,0,0.159999996,111125,5.199522022,0.00247537,294.4653419,291.9570793,239.9632759,0.283411419,2.54471274,25.68711512,12.36901992,20.06121063,2.355522714,0.19622365,1.319366787,1.036155927,0.122903484,26.86568111,0.685678761,51.62261634,394.0223486,0.018936464,0,1312.396255,0,#DIV/0!,#DIV/0!
5,5_7,7,44,10:52:29,5787.99999,0,14.21568702,0.202404774,274.9042588,0,0,0,0,0,0,0,#DIV/0!,#DIV/0!,#DIV/0!,-1,0.87,0.92,10.12943363,0.875064717,0.011593628,#DIV/0!,#DIV/0!,#DIV/0!,0,0.5,#DIV/0!,2.510002119,1.223098295,21.3036747,0.577,6.573224308,1,13.14644862,18.8072052,21.3036747,17.00223351,398.423584,395.4985657,12.84611511,13.32243061,58.40895844,60.57467651,300.0063477,1499.79541,2055.800293,99.06562042,0.933886528,0.674052,0.110974915,0.013406715,0.098627046,0.01600777,0.75,-1.355140209,7.355140209,1,0,0.159999996,111125,5.19941677,0.002510002,294.4536747,291.9572052,239.9672603,0.2795984,2.542893149,25.66877528,12.34634467,20.05543995,2.354681489,0.199335769,1.319794854,1.034886635,0.124856999,27.23356095,0.695082821,51.68875958,394.0387663,0.018647689,0,1312.418046,0,#DIV/0!,#DIV/0!
5,5_7,7,45,10:52:29,5788.49999,0,14.05303661,0.203345414,276.7112031,0,0,0,0,0,0,0,#DIV/0!,#DIV/0!,#DIV/0!,-1,0.87,0.92,10.12943363,0.875064717,0.011468936,#DIV/0!,#DIV/0!,#DIV/0!,0,0.5,#DIV/0!,2.5202677,1.222506883,21.30047607,0.577,6.573224308,1,13.14644862,18.8073616,21.30047607,17.00200272,398.3983154,395.5038147,12.84512234,13.32338238,58.40380859,60.57835007,300.0082703,1499.894897,2055.710938,99.06550598,0.933886528,0.674052,0.110974915,0.013406715,0.098627046,0.01600777,0.75,-1.355140209,7.355140209,1,0,0.159999996,111125,5.199450091,0.002520268,294.4504761,291.9573616,239.9831782,0.27850411,2.542394499,25.6637714,12.34038902,20.05391884,2.354459791,0.200248036,1.319887617,1.034572175,0.125429665,27.41253535,0.699642311,51.70615179,394.0607178,0.018439505,0,1312.505104,0,#DIV/0!,#DIV/0!
5,5_7,7,46,10:52:30,5789.49999,0,13.99616414,0.204324046,277.6921579,0,0,0,0,0,0,0,#DIV/0!,#DIV/0!,#DIV/0!,-1,0.87,0.92,10.12943363,0.875064717,0.011425675,#DIV/0!,#DIV/0!,#DIV/0!,0,0.5,#DIV/0!,2.52985705,1.221375324,21.29399681,0.577,6.573224308,1,13.14644862,18.80762863,21.29399681,17.00220871,398.3915405,395.5074158,12.84456635,13.32461739,58.40027618,60.58292007,300.0258484,1499.88562,2055.58374,99.06546021,0.933886528,0.674052,0.110974915,0.013406715,0.098627046,0.01600777,0.75,-1.355140209,7.355140209,1,0,0.159999996,111125,5.199754738,0.002529857,294.4439968,291.9576286,239.9816939,0.277546103,2.541384677,25.65358978,12.32897239,20.05081272,2.354007141,0.201197012,1.320009353,1.033997788,0.126025387,27.50970142,0.702116185,51.73543931,394.0701591,0.018374842,0,1312.496985,0,#DIV/0!,#DIV/0!
5,5_10,10,47,11:06:08,6606.99999,0,7.612508391,0.324504539,291.7454615,0,0,0,0,0,0,0,#DIV/0!,#DIV/0!,#DIV/0!,-1,0.87,0.92,9.933603287,0.874966802,0.006570499,#DIV/0!,#DIV/0!,#DIV/0!,0,0.5,#DIV/0!,2.375465048,0.73059351,17.68068314,0.571,6.58135515,1,13.1627103,19.64995575,17.68068314,17.6420002,335.4125366,333.8127136,12.67068958,13.11688423,54.66589737,56.59093857,300.0033569,1498.096191,210.4589233,99.06745148,0.872765899,0.631443679,0.354205579,0.009272614,0.325690895,0.008781451,0.5,-1.355140209,7.355140209,1,0,0.159999996,111125,5.253999246,0.002375465,290.8306831,292.7999557,239.6953853,0.426981642,2.030049802,20.49159206,7.374707826,18.66531944,2.159544725,0.316696908,1.299456292,0.860088433,0.198622533,28.90247935,0.873979479,64.27665094,333.031956,0.01469248,0,1310.784433,0,#DIV/0!,#DIV/0!
5,5_10,10,48,11:06:09,6607.99999,0,7.61750445,0.324308266,291.6142318,0,0,0,0,0,0,0,#DIV/0!,#DIV/0!,#DIV/0!,-1,0.87,0.92,9.933603287,0.874966802,0.006574176,#DIV/0!,#DIV/0!,#DIV/0!,0,0.5,#DIV/0!,2.37233161,0.730062215,17.67737389,0.571,6.58135515,1,13.1627103,19.64800453,17.67737389,17.64052582,335.3259583,333.7253418,12.67233944,13.11796761,54.67965698,56.60248947,299.9881592,1498.126831,208.5803223,99.06748962,0.872765899,0.631443679,0.354205579,0.009272614,0.325690895,0.008781451,0.5,-1.355140209,7.355140209,1,0,0.159999996,111125,5.253733085,0.002372332,290.8273739,292.7980045,239.7002876,0.427411877,2.029626335,20.48730963,7.369342028,18.66268921,2.159189381,0.316509964,1.29956412,0.859625262,0.198504881,28.88948988,0.873815067,64.29471979,332.9440718,0.014710138,0,1310.811242,0,#DIV/0!,#DIV/0!
5,5_10,10,49,11:06:10,6608.99999,0,7.622339621,0.323917088,291.4598747,0,0,0,0,0,0,0,#DIV/0!,#DIV/0!,#DIV/0!,-1,0.87,0.92,9.933603287,0.874966802,0.006577937,#DIV/0!,#DIV/0!,#DIV/0!,0,0.5,#DIV/0!,2.368004068,0.729594094,17.67339134,0.571,6.58135515,1,13.1627103,19.64593697,17.67339134,17.63881874,335.2381897,333.6369019,12.67266846,13.11750221,54.68830109,56.60795975,299.9758301,1498.110474,206.3178253,99.06784821,0.872765899,0.631443679,0.354205579,0.009272614,0.325690895,0.008781451,0.5,-1.355140209,7.355140209,1,0,0.159999996,111125,5.253517164,0.002368004,290.8233913,292.795937,239.6976704,0.427981814,2.029116812,20.48209231,7.364590099,18.65966415,2.158780761,0.316137361,1.299522718,0.859258043,0.198270387,28.87430263,0.873584046,64.30772214,332.8551359,0.014726385,0,1310.79693,0,#DIV/0!,#DIV/0!
5,5_10,10,50,11:06:11,6609.99999,0,7.507041428,0.323161375,291.8730926,0,0,0,0,0,0,0,#DIV/0!,#DIV/0!,#DIV/0!,-1,0.87,0.92,9.933603287,0.874966802,0.006489895,#DIV/0!,#DIV/0!,#DIV/0!,0,0.5,#DIV/0!,2.361061358,0.729118953,17.66927528,0.571,6.58135515,1,13.1627103,19.64458656,17.66927528,17.63719177,335.133728,333.5548706,12.67342949,13.11695766,54.69627762,56.610466,299.9769287,1498.129395,203.7705078,99.06804657,0.872765899,0.631443679,0.354205579,0.009272614,0.325690895,0.008781451,0.5,-1.355140209,7.355140209,1,0,0.159999996,111125,5.253536405,0.002361061,290.8192753,292.7945866,239.7006978,0.428907928,2.028590326,20.47673691,7.359779246,18.65693092,2.158411618,0.315417473,1.299471373,0.858940246,0.197817337,28.91529713,0.875037717,64.31981683,332.7849299,0.014509417,0,1310.813485,0,#DIV/0!,#DIV/0!
5,5_10,10,51,11:06:16,6614.999989,0,6.999699167,0.321830381,293.898334,0,0,0,0,0,0,0,#DIV/0!,#DIV/0!,#DIV/0!,-1,0.87,0.92,9.933603287,0.874966802,0.006104227,#DIV/0!,#DIV/0!,#DIV/0!,0,0.5,#DIV/0!,2.351402213,0.729056345,17.671278,0.571,6.58135515,1,13.1627103,19.63885689,17.671278,17.63181686,334.6498718,333.1683044,12.67859745,13.12032986,54.73740387,56.64450073,299.9631958,1497.791626,199.1609344,99.06687927,0.872765899,0.631443679,0.354205579,0.009272614,0.325690895,0.008781451,0.75,-1.355140209,7.355140209,1,0,0.159999996,111125,5.253295898,0.002351402,290.821278,292.7888569,239.6466548,0.429697804,2.028846479,20.47956384,7.359233987,18.65506744,2.158159974,0.314149378,1.299790134,0.85836984,0.1970193,29.11559077,0.882131734,64.32375151,332.4503981,0.013543281,0,1310.517949,0,#DIV/0!,#DIV/0!
5,5_11,11,52,11:17:20,7278.999994,0,4.381005334,0.172637888,234.7631354,0,0,0,0,0,0,0,#DIV/0!,#DIV/0!,#DIV/0!,-1,0.87,0.92,9.780330658,0.874890165,0.004094979,#DIV/0!,#DIV/0!,#DIV/0!,0,0.5,#DIV/0!,2.396865015,1.365012179,22.44444466,0.677,6.437710288,1,12.87542058,19.56272888,22.44444466,17.57583046,282.7749023,281.633728,13.20839596,13.74194622,57.29105759,59.60531998,299.9490356,1501.959595,1846.169556,99.06005859,0.735535979,0.660133004,0.226983711,0.003523291,0.228488609,0.004849868,0.5,-1.355140209,7.355140209,1,0,0.159999996,111125,4.430561826,0.002396865,295.5944447,292.7127289,240.3135298,0.287563069,2.726290177,27.52158858,13.77964236,21.00358677,2.496482098,0.170353729,1.361277998,1.1352041,0.106673968,23.25564995,0.833576067,49.55316026,281.1743755,0.007720926,0,1314.049678,0,#DIV/0!,#DIV/0!
5,5_11,11,53,11:17:21,7279.999994,0,4.092627707,0.172534531,237.3657268,0,0,0,0,0,0,0,#DIV/0!,#DIV/0!,#DIV/0!,-1,0.87,0.92,9.780330658,0.874890165,0.003875491,#DIV/0!,#DIV/0!,#DIV/0!,0,0.5,#DIV/0!,2.396491958,1.365601166,22.4476738,0.677,6.437710288,1,12.87542058,19.56123352,22.4476738,17.57526588,282.6629639,281.5869446,13.20796299,13.7414217,57.29442596,59.60850143,299.9539795,1501.971436,1845.771118,99.05992126,0.735535979,0.660133004,0.226983711,0.003523291,0.228488609,0.004849868,0.5,-1.355140209,7.355140209,1,0,0.159999996,111125,4.430634852,0.002396492,295.5976738,292.7112335,240.3154243,0.287468542,2.726825317,27.52702892,13.78560722,21.00445366,2.496615094,0.170253088,1.361224152,1.135390942,0.106610828,23.51343021,0.842957145,49.54077119,281.1578287,0.007211321,0,1314.060038,0,#DIV/0!,#DIV/0!
5,5_11,11,54,11:17:22,7280.999994,0,3.893846541,0.173446113,239.3406387,0,0,0,0,0,0,0,#DIV/0!,#DIV/0!,#DIV/0!,-1,0.87,0.92,9.780330658,0.874890165,0.003724247,#DIV/0!,#DIV/0!,#DIV/0!,0,0.5,#DIV/0!,2.410156326,1.366254109,22.45251846,0.677,6.437710288,1,12.87542058,19.55985069,22.45251846,17.57447052,282.5638733,281.5318909,13.20648289,13.74297714,57.29275894,59.6201973,299.9569397,1501.959717,1846.200928,99.05963135,0.735535979,0.660133004,0.226983711,0.003523291,0.228488609,0.004849868,0.75,-1.355140209,7.355140209,1,0,0.159999996,111125,4.430678578,0.002410156,295.6025185,292.7098507,240.3135493,0.285588315,2.727628359,27.53521613,13.79223899,21.00618458,2.496880665,0.17114066,1.361374249,1.135506416,0.107167681,23.70899543,0.850136863,49.53478227,281.1236174,0.006861069,0,1314.049785,0,#DIV/0!,#DIV/0!
5,5_11,11,55,11:17:23,7281.999994,0,3.779654426,0.173471243,240.3564192,0,0,0,0,0,0,0,#DIV/0!,#DIV/0!,#DIV/0!,-1,0.87,0.92,9.780330658,0.874890165,0.003636803,#DIV/0!,#DIV/0!,#DIV/0!,0,0.5,#DIV/0!,2.409722041,1.365814698,22.4497261,0.677,6.437710288,1,12.87542058,19.55879784,22.4497261,17.57389832,282.492218,281.486084,13.20636845,13.74275398,57.29595184,59.62306595,299.9637451,1502.184204,1846.702515,99.05953217,0.735535979,0.660133004,0.226983711,0.003523291,0.228488609,0.004849868,0.75,-1.355140209,7.355140209,1,0,0.159999996,111125,4.430779101,0.002409722,295.5997261,292.7087978,240.3494673,0.28579731,2.727165478,27.53057095,13.78781696,21.00426197,2.496585685,0.171165125,1.36135078,1.135234905,0.107183031,23.80959444,0.853883843,49.54267267,281.0897837,0.006661721,0,1314.246187,0,#DIV/0!,#DIV/0!
5,5_11,11,56,11:17:24,7282.999993,0,3.917568872,0.173422066,239.0070631,0,0,0,0,0,0,0,#DIV/0!,#DIV/0!,#DIV/0!,-1,0.87,0.92,9.780330658,0.874890165,0.003741905,#DIV/0!,#DIV/0!,#DIV/0!,0,0.5,#DIV/0!,2.407542546,1.364968111,22.44424629,0.677,6.437710288,1,12.87542058,19.5577507,22.44424629,17.57388306,282.4511719,281.4140625,13.20621681,13.74213123,57.29902267,59.62424469,299.9560852,1502.118286,1847.751343,99.05953979,0.735535979,0.660133004,0.226983711,0.003523291,0.228488609,0.004849868,0.75,-1.355140209,7.355140209,1,0,0.159999996,111125,4.430665956,0.002407543,295.5942463,292.7077507,240.3389204,0.286175368,2.726257306,27.52140089,13.77926965,21.0009985,2.496085049,0.171117247,1.361289196,1.134795854,0.107152992,23.67592968,0.849307462,49.55721232,281.0033017,0.006908951,0,1314.188516,0,#DIV/0!,#DIV/0!
5,5_12,12,57,11:27:50,7908.499992,0,3.12466579,0.094025484,191.8335337,0,0,0,0,0,0,0,#DIV/0!,#DIV/0!,#DIV/0!,-1,0.87,0.92,9.871721268,0.874935861,0.00313782,#DIV/0!,#DIV/0!,#DIV/0!,0,0.5,#DIV/0!,1.639044343,1.699475529,24.85577774,0.955,6.060981309,1,12.12196262,22.09104729,24.85577774,19.9943924,252.7090607,251.5828094,14.15557003,14.66981506,52.54444885,54.45328903,299.9202271,1502.396118,1702.229858,99.04449463,0.452750951,0.639613509,0.394067675,0.002025122,0.393700302,0.001050494,0.5,-1.355140209,7.355140209,1,0,0.159999996,111125,3.140525938,0.001639044,298.0057777,295.2410473,240.3833735,0.405151433,3.152439948,31.82852273,17.15870767,23.47341251,2.901537124,0.093301777,1.452964419,1.448572705,0.058378202,19.0000554,0.762506525,45.23177789,251.2348213,0.005625581,0,1314.500241,0,#DIV/0!,#DIV/0!
5,5_12,12,58,11:27:51,7908.999992,0,3.143988801,0.094052099,191.4942566,0,0,0,0,0,0,0,#DIV/0!,#DIV/0!,#DIV/0!,-1,0.87,0.92,9.871721268,0.874935861,0.003152279,#DIV/0!,#DIV/0!,#DIV/0!,0,0.5,#DIV/0!,1.637071272,1.69696914,24.84261894,0.955,6.060981309,1,12.12196262,22.0891037,24.84261894,19.99232483,252.6770477,251.5448608,14.15656948,14.67017746,52.55421829,54.4609108,299.9306335,1502.510986,1702.200317,99.04418945,0.452750951,0.639613509,0.394067675,0.002025122,0.393700302,0.001050494,0.75,-1.355140209,7.355140209,1,0,0.159999996,111125,3.140634906,0.001637071,297.9926189,295.2391037,240.4017524,0.405844908,3.149964975,31.80363222,17.13345477,23.46586132,2.900216004,0.093327985,1.452995836,1.447220168,0.058394618,18.96639343,0.761272785,45.27038786,251.1947208,0.005666106,0,1314.600743,0,#DIV/0!,#DIV/0!
5,5_12,12,59,11:27:51,7908.999992,0,3.143988801,0.094052099,191.4942566,0,0,0,0,0,0,0,#DIV/0!,#DIV/0!,#DIV/0!,-1,0.87,0.92,9.871721268,0.874935861,0.003152279,#DIV/0!,#DIV/0!,#DIV/0!,0,0.5,#DIV/0!,1.637071272,1.69696914,24.84261894,0.955,6.060981309,1,12.12196262,22.0891037,24.84261894,19.99232483,252.6770477,251.5448608,14.15656948,14.67017746,52.55421829,54.4609108,299.9306335,1502.510986,1702.200317,99.04418945,0.452750951,0.639613509,0.394067675,0.002025122,0.393700302,0.001050494,0.75,-1.355140209,7.355140209,1,0,0.159999996,111125,3.140634906,0.001637071,297.9926189,295.2391037,240.4017524,0.405844908,3.149964975,31.80363222,17.13345477,23.46586132,2.900216004,0.093327985,1.452995836,1.447220168,0.058394618,18.96639343,0.761272785,45.27038786,251.1947208,0.005666106,0,1314.600743,0,#DIV/0!,#DIV/0!
5,5_12,12,60,11:27:52,7909.499992,0,3.182222811,0.094167706,190.8812071,0,0,0,0,0,0,0,#DIV/0!,#DIV/0!,#DIV/0!,-1,0.87,0.92,9.902565956,0.874951283,0.003181374,#DIV/0!,#DIV/0!,#DIV/0!,0,0.5,#DIV/0!,1.637009283,1.694855633,24.83183289,0.955,6.060981309,1,12.12196262,22.08750534,24.83183289,19.99055862,252.6474152,251.5031281,14.15747166,14.67103863,52.56271362,54.46944046,299.9429626,1502.479736,1702.061035,99.04424286,0.452750951,0.639613509,0.394067675,0.002025122,0.393700302,0.001050494,0.75,-1.355140209,7.355140209,1,0,0.159999996,111125,3.140764007,0.001637009,297.9818329,295.2375053,240.3967524,0.406150963,3.147937546,31.78314514,17.11210651,23.45966911,2.899133038,0.093441817,1.453081913,1.446051125,0.058465921,18.90568464,0.758961563,45.30441378,251.1487299,0.005740373,0,1314.596573,0,#DIV/0!,#DIV/0!
5,5_12,12,61,11:27:54,7911.999992,0,3.29149584,0.092621046,187.8860277,0,0,0,0,0,0,0,#DIV/0!,#DIV/0!,#DIV/0!,-1,0.87,0.92,9.902565956,0.874951283,0.003274839,#DIV/0!,#DIV/0!,#DIV/0!,0,0.5,#DIV/0!,1.606263548,1.690621082,24.80877113,0.955,6.060981309,1,12.12196262,22.07684517,24.80877113,19.9787178,252.4263916,251.2499695,14.16614914,14.67004299,52.62919617,54.50122833,299.9596252,1497.734619,1702.35791,99.04438782,0.452750951,0.639613509,0.394067675,0.002025122,0.393700302,0.001050494,0.75,-1.355140209,7.355140209,1,0,0.159999996,111125,3.140938484,0.001606264,297.9587711,295.2268452,239.6375337,0.408346514,3.143606509,31.73937038,17.06932739,23.44280815,2.896185987,0.091918717,1.452985427,1.443200559,0.057511888,18.60905659,0.747805176,45.36023605,250.8834018,0.005951092,0,1310.444827,0,#DIV/0!,#DIV/0!